geslacht_src,lft_src,oplniv_src,geslacht_dst,lft_dst,oplniv_dst,n
Man,"[0,20)",1,Man,"[0,20)",1,1425470
Man,"[0,20)",1,Man,"[0,20)",2,19430
Man,"[0,20)",1,Man,"[0,20)",3,220
Man,"[0,20)",1,Man,"[20,30)",1,21120
Man,"[0,20)",1,Man,"[20,30)",2,46480
Man,"[0,20)",1,Man,"[20,30)",3,10120
Man,"[0,20)",1,Man,"[30,40)",1,7430
Man,"[0,20)",1,Man,"[30,40)",2,10980
Man,"[0,20)",1,Man,"[30,40)",3,20390
Man,"[0,20)",1,Man,"[40,50)",1,4150
Man,"[0,20)",1,Man,"[40,50)",2,4970
Man,"[0,20)",1,Man,"[40,50)",3,3270
Man,"[0,20)",1,Man,"[50,60)",1,4270
Man,"[0,20)",1,Man,"[50,60)",2,4710
Man,"[0,20)",1,Man,"[50,60)",3,2490
Man,"[0,20)",1,Man,"[60,70)",1,1470
Man,"[0,20)",1,Man,"[60,70)",2,920
Man,"[0,20)",1,Man,"[60,70)",3,810
Man,"[0,20)",1,Man,"[70,80)",1,90
Man,"[0,20)",1,Vrouw,"[0,20)",1,1298100
Man,"[0,20)",1,Vrouw,"[0,20)",2,22310
Man,"[0,20)",1,Vrouw,"[0,20)",3,70
Man,"[0,20)",1,Vrouw,"[20,30)",1,15480
Man,"[0,20)",1,Vrouw,"[20,30)",2,51780
Man,"[0,20)",1,Vrouw,"[20,30)",3,14930
Man,"[0,20)",1,Vrouw,"[30,40)",1,5770
Man,"[0,20)",1,Vrouw,"[30,40)",2,9520
Man,"[0,20)",1,Vrouw,"[30,40)",3,8450
Man,"[0,20)",1,Vrouw,"[40,50)",1,5060
Man,"[0,20)",1,Vrouw,"[40,50)",2,6670
Man,"[0,20)",1,Vrouw,"[40,50)",3,3410
Man,"[0,20)",1,Vrouw,"[50,60)",1,4200
Man,"[0,20)",1,Vrouw,"[50,60)",2,3850
Man,"[0,20)",1,Vrouw,"[50,60)",3,1930
Man,"[0,20)",1,Vrouw,"[60,70)",1,1370
Man,"[0,20)",1,Vrouw,"[60,70)",2,680
Man,"[0,20)",1,Vrouw,"[60,70)",3,780
Man,"[0,20)",1,Vrouw,"[70,80)",3,10
Man,"[0,20)",2,Man,"[0,20)",1,19550
Man,"[0,20)",2,Man,"[0,20)",2,50570
Man,"[0,20)",2,Man,"[0,20)",3,600
Man,"[0,20)",2,Man,"[20,30)",1,4180
Man,"[0,20)",2,Man,"[20,30)",2,57290
Man,"[0,20)",2,Man,"[20,30)",3,5530
Man,"[0,20)",2,Man,"[30,40)",1,2290
Man,"[0,20)",2,Man,"[30,40)",2,4750
Man,"[0,20)",2,Man,"[30,40)",3,6530
Man,"[0,20)",2,Man,"[40,50)",1,950
Man,"[0,20)",2,Man,"[40,50)",2,1800
Man,"[0,20)",2,Man,"[40,50)",3,1550
Man,"[0,20)",2,Man,"[50,60)",1,1020
Man,"[0,20)",2,Man,"[50,60)",2,1380
Man,"[0,20)",2,Man,"[50,60)",3,990
Man,"[0,20)",2,Man,"[60,70)",1,620
Man,"[0,20)",2,Man,"[60,70)",2,390
Man,"[0,20)",2,Man,"[60,70)",3,270
Man,"[0,20)",2,Vrouw,"[0,20)",1,15640
Man,"[0,20)",2,Vrouw,"[0,20)",2,40450
Man,"[0,20)",2,Vrouw,"[0,20)",3,290
Man,"[0,20)",2,Vrouw,"[20,30)",1,2340
Man,"[0,20)",2,Vrouw,"[20,30)",2,44320
Man,"[0,20)",2,Vrouw,"[20,30)",3,7360
Man,"[0,20)",2,Vrouw,"[30,40)",1,1180
Man,"[0,20)",2,Vrouw,"[30,40)",2,3430
Man,"[0,20)",2,Vrouw,"[30,40)",3,3350
Man,"[0,20)",2,Vrouw,"[40,50)",1,1070
Man,"[0,20)",2,Vrouw,"[40,50)",2,2770
Man,"[0,20)",2,Vrouw,"[40,50)",3,1460
Man,"[0,20)",2,Vrouw,"[50,60)",1,930
Man,"[0,20)",2,Vrouw,"[50,60)",2,1370
Man,"[0,20)",2,Vrouw,"[50,60)",3,910
Man,"[0,20)",2,Vrouw,"[60,70)",1,220
Man,"[0,20)",2,Vrouw,"[60,70)",2,300
Man,"[0,20)",2,Vrouw,"[60,70)",3,210
Man,"[0,20)",3,Man,"[0,20)",1,220
Man,"[0,20)",3,Man,"[0,20)",2,600
Man,"[0,20)",3,Man,"[20,30)",2,380
Man,"[0,20)",3,Man,"[20,30)",3,10
Man,"[0,20)",3,Vrouw,"[0,20)",1,190
Man,"[0,20)",3,Vrouw,"[0,20)",2,520
Man,"[0,20)",3,Vrouw,"[20,30)",2,310
Man,"[0,20)",3,Vrouw,"[20,30)",3,10
Man,"[0,20)",3,Vrouw,"[30,40)",2,10
Man,"[20,30)",1,Man,"[0,20)",1,21200
Man,"[20,30)",1,Man,"[0,20)",2,4180
Man,"[20,30)",1,Man,"[20,30)",1,11110
Man,"[20,30)",1,Man,"[20,30)",2,23850
Man,"[20,30)",1,Man,"[20,30)",3,9070
Man,"[20,30)",1,Man,"[30,40)",1,7220
Man,"[20,30)",1,Man,"[30,40)",2,9220
Man,"[20,30)",1,Man,"[30,40)",3,7840
Man,"[20,30)",1,Man,"[40,50)",1,5740
Man,"[20,30)",1,Man,"[40,50)",2,5630
Man,"[20,30)",1,Man,"[40,50)",3,3090
Man,"[20,30)",1,Man,"[50,60)",1,5310
Man,"[20,30)",1,Man,"[50,60)",2,5880
Man,"[20,30)",1,Man,"[50,60)",3,2710
Man,"[20,30)",1,Man,"[60,70)",1,2330
Man,"[20,30)",1,Man,"[60,70)",2,1570
Man,"[20,30)",1,Man,"[60,70)",3,1060
Man,"[20,30)",1,Man,"[70,80)",1,40
Man,"[20,30)",1,Man,"[70,80)",2,30
Man,"[20,30)",1,Vrouw,"[0,20)",1,14270
Man,"[20,30)",1,Vrouw,"[0,20)",2,4090
Man,"[20,30)",1,Vrouw,"[20,30)",1,4900
Man,"[20,30)",1,Vrouw,"[20,30)",2,24070
Man,"[20,30)",1,Vrouw,"[20,30)",3,9420
Man,"[20,30)",1,Vrouw,"[30,40)",1,2730
Man,"[20,30)",1,Vrouw,"[30,40)",2,5110
Man,"[20,30)",1,Vrouw,"[30,40)",3,6540
Man,"[20,30)",1,Vrouw,"[40,50)",1,2780
Man,"[20,30)",1,Vrouw,"[40,50)",2,4460
Man,"[20,30)",1,Vrouw,"[40,50)",3,2750
Man,"[20,30)",1,Vrouw,"[50,60)",1,3270
Man,"[20,30)",1,Vrouw,"[50,60)",2,3490
Man,"[20,30)",1,Vrouw,"[50,60)",3,1830
Man,"[20,30)",1,Vrouw,"[60,70)",1,1140
Man,"[20,30)",1,Vrouw,"[60,70)",2,770
Man,"[20,30)",1,Vrouw,"[60,70)",3,640
Man,"[20,30)",2,Man,"[0,20)",1,47110
Man,"[20,30)",2,Man,"[0,20)",2,57270
Man,"[20,30)",2,Man,"[0,20)",3,380
Man,"[20,30)",2,Man,"[20,30)",1,23030
Man,"[20,30)",2,Man,"[20,30)",2,361210
Man,"[20,30)",2,Man,"[20,30)",3,68240
Man,"[20,30)",2,Man,"[30,40)",1,22280
Man,"[20,30)",2,Man,"[30,40)",2,48420
Man,"[20,30)",2,Man,"[30,40)",3,57070
Man,"[20,30)",2,Man,"[40,50)",1,13180
Man,"[20,30)",2,Man,"[40,50)",2,26580
Man,"[20,30)",2,Man,"[40,50)",3,23890
Man,"[20,30)",2,Man,"[50,60)",1,14440
Man,"[20,30)",2,Man,"[50,60)",2,26120
Man,"[20,30)",2,Man,"[50,60)",3,17690
Man,"[20,30)",2,Man,"[60,70)",1,7830
Man,"[20,30)",2,Man,"[60,70)",2,9470
Man,"[20,30)",2,Man,"[60,70)",3,6880
Man,"[20,30)",2,Man,"[70,80)",1,280
Man,"[20,30)",2,Man,"[70,80)",2,350
Man,"[20,30)",2,Man,"[70,80)",3,450
Man,"[20,30)",2,Vrouw,"[0,20)",1,41280
Man,"[20,30)",2,Vrouw,"[0,20)",2,58650
Man,"[20,30)",2,Vrouw,"[0,20)",3,360
Man,"[20,30)",2,Vrouw,"[20,30)",1,15220
Man,"[20,30)",2,Vrouw,"[20,30)",2,316740
Man,"[20,30)",2,Vrouw,"[20,30)",3,93970
Man,"[20,30)",2,Vrouw,"[30,40)",1,8300
Man,"[20,30)",2,Vrouw,"[30,40)",2,27800
Man,"[20,30)",2,Vrouw,"[30,40)",3,49260
Man,"[20,30)",2,Vrouw,"[40,50)",1,10300
Man,"[20,30)",2,Vrouw,"[40,50)",2,19010
Man,"[20,30)",2,Vrouw,"[40,50)",3,21500
Man,"[20,30)",2,Vrouw,"[50,60)",1,9440
Man,"[20,30)",2,Vrouw,"[50,60)",2,16740
Man,"[20,30)",2,Vrouw,"[50,60)",3,15570
Man,"[20,30)",2,Vrouw,"[60,70)",1,3490
Man,"[20,30)",2,Vrouw,"[60,70)",2,4990
Man,"[20,30)",2,Vrouw,"[60,70)",3,5360
Man,"[20,30)",2,Vrouw,"[70,80)",1,10
Man,"[20,30)",2,Vrouw,"[70,80)",2,380
Man,"[20,30)",2,Vrouw,"[70,80)",3,130
Man,"[20,30)",3,Man,"[0,20)",1,10140
Man,"[20,30)",3,Man,"[0,20)",2,5510
Man,"[20,30)",3,Man,"[0,20)",3,20
Man,"[20,30)",3,Man,"[20,30)",1,9150
Man,"[20,30)",3,Man,"[20,30)",2,66780
Man,"[20,30)",3,Man,"[20,30)",3,236440
Man,"[20,30)",3,Man,"[30,40)",1,9590
Man,"[20,30)",3,Man,"[30,40)",2,59980
Man,"[20,30)",3,Man,"[30,40)",3,233240
Man,"[20,30)",3,Man,"[40,50)",1,5700
Man,"[20,30)",3,Man,"[40,50)",2,17240
Man,"[20,30)",3,Man,"[40,50)",3,58760
Man,"[20,30)",3,Man,"[50,60)",1,6860
Man,"[20,30)",3,Man,"[50,60)",2,16510
Man,"[20,30)",3,Man,"[50,60)",3,33000
Man,"[20,30)",3,Man,"[60,70)",1,2770
Man,"[20,30)",3,Man,"[60,70)",2,8420
Man,"[20,30)",3,Man,"[60,70)",3,13350
Man,"[20,30)",3,Man,"[70,80)",1,80
Man,"[20,30)",3,Man,"[70,80)",2,100
Man,"[20,30)",3,Man,"[70,80)",3,410
Man,"[20,30)",3,Vrouw,"[0,20)",1,11600
Man,"[20,30)",3,Vrouw,"[0,20)",2,8380
Man,"[20,30)",3,Vrouw,"[0,20)",3,60
Man,"[20,30)",3,Vrouw,"[20,30)",1,3900
Man,"[20,30)",3,Vrouw,"[20,30)",2,65330
Man,"[20,30)",3,Vrouw,"[20,30)",3,271130
Man,"[20,30)",3,Vrouw,"[30,40)",1,4850
Man,"[20,30)",3,Vrouw,"[30,40)",2,28380
Man,"[20,30)",3,Vrouw,"[30,40)",3,162700
Man,"[20,30)",3,Vrouw,"[40,50)",1,4270
Man,"[20,30)",3,Vrouw,"[40,50)",2,18280
Man,"[20,30)",3,Vrouw,"[40,50)",3,49880
Man,"[20,30)",3,Vrouw,"[50,60)",1,4000
Man,"[20,30)",3,Vrouw,"[50,60)",2,15550
Man,"[20,30)",3,Vrouw,"[50,60)",3,28660
Man,"[20,30)",3,Vrouw,"[60,70)",1,2240
Man,"[20,30)",3,Vrouw,"[60,70)",2,5520
Man,"[20,30)",3,Vrouw,"[60,70)",3,10820
Man,"[20,30)",3,Vrouw,"[70,80)",1,10
Man,"[20,30)",3,Vrouw,"[70,80)",2,20
Man,"[20,30)",3,Vrouw,"[70,80)",3,90
Man,"[30,40)",1,Man,"[0,20)",1,7410
Man,"[30,40)",1,Man,"[0,20)",2,2280
Man,"[30,40)",1,Man,"[20,30)",1,7250
Man,"[30,40)",1,Man,"[20,30)",2,22140
Man,"[30,40)",1,Man,"[20,30)",3,9550
Man,"[30,40)",1,Man,"[30,40)",1,11480
Man,"[30,40)",1,Man,"[30,40)",2,12200
Man,"[30,40)",1,Man,"[30,40)",3,13970
Man,"[30,40)",1,Man,"[40,50)",1,11820
Man,"[30,40)",1,Man,"[40,50)",2,9870
Man,"[30,40)",1,Man,"[40,50)",3,5970
Man,"[30,40)",1,Man,"[50,60)",1,12110
Man,"[30,40)",1,Man,"[50,60)",2,9850
Man,"[30,40)",1,Man,"[50,60)",3,5300
Man,"[30,40)",1,Man,"[60,70)",1,4650
Man,"[30,40)",1,Man,"[60,70)",2,3110
Man,"[30,40)",1,Man,"[60,70)",3,2360
Man,"[30,40)",1,Man,"[70,80)",1,70
Man,"[30,40)",1,Vrouw,"[0,20)",1,6110
Man,"[30,40)",1,Vrouw,"[0,20)",2,2170
Man,"[30,40)",1,Vrouw,"[20,30)",1,3790
Man,"[30,40)",1,Vrouw,"[20,30)",2,32440
Man,"[30,40)",1,Vrouw,"[20,30)",3,16740
Man,"[30,40)",1,Vrouw,"[30,40)",1,5610
Man,"[30,40)",1,Vrouw,"[30,40)",2,6450
Man,"[30,40)",1,Vrouw,"[30,40)",3,12810
Man,"[30,40)",1,Vrouw,"[40,50)",1,6130
Man,"[30,40)",1,Vrouw,"[40,50)",2,6920
Man,"[30,40)",1,Vrouw,"[40,50)",3,5380
Man,"[30,40)",1,Vrouw,"[50,60)",1,6390
Man,"[30,40)",1,Vrouw,"[50,60)",2,4900
Man,"[30,40)",1,Vrouw,"[50,60)",3,2820
Man,"[30,40)",1,Vrouw,"[60,70)",1,3280
Man,"[30,40)",1,Vrouw,"[60,70)",2,1650
Man,"[30,40)",1,Vrouw,"[60,70)",3,810
Man,"[30,40)",2,Man,"[0,20)",1,10590
Man,"[30,40)",2,Man,"[0,20)",2,4630
Man,"[30,40)",2,Man,"[20,30)",1,8920
Man,"[30,40)",2,Man,"[20,30)",2,47510
Man,"[30,40)",2,Man,"[20,30)",3,61610
Man,"[30,40)",2,Man,"[30,40)",1,11570
Man,"[30,40)",2,Man,"[30,40)",2,33850
Man,"[30,40)",2,Man,"[30,40)",3,50480
Man,"[30,40)",2,Man,"[40,50)",1,13460
Man,"[30,40)",2,Man,"[40,50)",2,34050
Man,"[30,40)",2,Man,"[40,50)",3,22370
Man,"[30,40)",2,Man,"[50,60)",1,16970
Man,"[30,40)",2,Man,"[50,60)",2,25860
Man,"[30,40)",2,Man,"[50,60)",3,19610
Man,"[30,40)",2,Man,"[60,70)",1,6920
Man,"[30,40)",2,Man,"[60,70)",2,7870
Man,"[30,40)",2,Man,"[60,70)",3,5770
Man,"[30,40)",2,Man,"[70,80)",1,220
Man,"[30,40)",2,Man,"[70,80)",2,260
Man,"[30,40)",2,Man,"[70,80)",3,310
Man,"[30,40)",2,Vrouw,"[0,20)",1,8540
Man,"[30,40)",2,Vrouw,"[0,20)",2,5220
Man,"[30,40)",2,Vrouw,"[20,30)",1,3960
Man,"[30,40)",2,Vrouw,"[20,30)",2,40010
Man,"[30,40)",2,Vrouw,"[20,30)",3,42250
Man,"[30,40)",2,Vrouw,"[30,40)",1,5830
Man,"[30,40)",2,Vrouw,"[30,40)",2,15440
Man,"[30,40)",2,Vrouw,"[30,40)",3,39100
Man,"[30,40)",2,Vrouw,"[40,50)",1,9200
Man,"[30,40)",2,Vrouw,"[40,50)",2,14150
Man,"[30,40)",2,Vrouw,"[40,50)",3,19780
Man,"[30,40)",2,Vrouw,"[50,60)",1,8240
Man,"[30,40)",2,Vrouw,"[50,60)",2,13730
Man,"[30,40)",2,Vrouw,"[50,60)",3,13560
Man,"[30,40)",2,Vrouw,"[60,70)",1,3640
Man,"[30,40)",2,Vrouw,"[60,70)",2,4590
Man,"[30,40)",2,Vrouw,"[60,70)",3,4490
Man,"[30,40)",3,Man,"[0,20)",1,19520
Man,"[30,40)",3,Man,"[0,20)",2,6010
Man,"[30,40)",3,Man,"[20,30)",1,7620
Man,"[30,40)",3,Man,"[20,30)",2,54820
Man,"[30,40)",3,Man,"[20,30)",3,229250
Man,"[30,40)",3,Man,"[30,40)",1,13990
Man,"[30,40)",3,Man,"[30,40)",2,49000
Man,"[30,40)",3,Man,"[30,40)",3,380920
Man,"[30,40)",3,Man,"[40,50)",1,9440
Man,"[30,40)",3,Man,"[40,50)",2,43460
Man,"[30,40)",3,Man,"[40,50)",3,148760
Man,"[30,40)",3,Man,"[50,60)",1,12530
Man,"[30,40)",3,Man,"[50,60)",2,34800
Man,"[30,40)",3,Man,"[50,60)",3,82280
Man,"[30,40)",3,Man,"[60,70)",1,7240
Man,"[30,40)",3,Man,"[60,70)",2,9370
Man,"[30,40)",3,Man,"[60,70)",3,23890
Man,"[30,40)",3,Man,"[70,80)",1,70
Man,"[30,40)",3,Man,"[70,80)",2,140
Man,"[30,40)",3,Man,"[70,80)",3,350
Man,"[30,40)",3,Vrouw,"[0,20)",1,22780
Man,"[30,40)",3,Vrouw,"[0,20)",2,4970
Man,"[30,40)",3,Vrouw,"[20,30)",1,5720
Man,"[30,40)",3,Vrouw,"[20,30)",2,52210
Man,"[30,40)",3,Vrouw,"[20,30)",3,226320
Man,"[30,40)",3,Vrouw,"[30,40)",1,5510
Man,"[30,40)",3,Vrouw,"[30,40)",2,41190
Man,"[30,40)",3,Vrouw,"[30,40)",3,513690
Man,"[30,40)",3,Vrouw,"[40,50)",1,8000
Man,"[30,40)",3,Vrouw,"[40,50)",2,39660
Man,"[30,40)",3,Vrouw,"[40,50)",3,118310
Man,"[30,40)",3,Vrouw,"[50,60)",1,8650
Man,"[30,40)",3,Vrouw,"[50,60)",2,38660
Man,"[30,40)",3,Vrouw,"[50,60)",3,61180
Man,"[30,40)",3,Vrouw,"[60,70)",1,4210
Man,"[30,40)",3,Vrouw,"[60,70)",2,9830
Man,"[30,40)",3,Vrouw,"[60,70)",3,21400
Man,"[30,40)",3,Vrouw,"[70,80)",2,30
Man,"[30,40)",3,Vrouw,"[70,80)",3,60
Man,"[40,50)",1,Man,"[0,20)",1,4130
Man,"[40,50)",1,Man,"[0,20)",2,950
Man,"[40,50)",1,Man,"[20,30)",1,5510
Man,"[40,50)",1,Man,"[20,30)",2,13230
Man,"[40,50)",1,Man,"[20,30)",3,5940
Man,"[40,50)",1,Man,"[30,40)",1,11190
Man,"[40,50)",1,Man,"[30,40)",2,13840
Man,"[40,50)",1,Man,"[30,40)",3,10410
Man,"[40,50)",1,Man,"[40,50)",1,21300
Man,"[40,50)",1,Man,"[40,50)",2,14980
Man,"[40,50)",1,Man,"[40,50)",3,7370
Man,"[40,50)",1,Man,"[50,60)",1,25410
Man,"[40,50)",1,Man,"[50,60)",2,17310
Man,"[40,50)",1,Man,"[50,60)",3,8150
Man,"[40,50)",1,Man,"[60,70)",1,8490
Man,"[40,50)",1,Man,"[60,70)",2,4730
Man,"[40,50)",1,Man,"[60,70)",3,2580
Man,"[40,50)",1,Man,"[70,80)",1,30
Man,"[40,50)",1,Man,"[70,80)",2,80
Man,"[40,50)",1,Man,"[70,80)",3,20
Man,"[40,50)",1,Vrouw,"[0,20)",1,3070
Man,"[40,50)",1,Vrouw,"[0,20)",2,1230
Man,"[40,50)",1,Vrouw,"[20,30)",1,2150
Man,"[40,50)",1,Vrouw,"[20,30)",2,18740
Man,"[40,50)",1,Vrouw,"[20,30)",3,8730
Man,"[40,50)",1,Vrouw,"[30,40)",1,6600
Man,"[40,50)",1,Vrouw,"[30,40)",2,7150
Man,"[40,50)",1,Vrouw,"[30,40)",3,10670
Man,"[40,50)",1,Vrouw,"[40,50)",1,8130
Man,"[40,50)",1,Vrouw,"[40,50)",2,10730
Man,"[40,50)",1,Vrouw,"[40,50)",3,6300
Man,"[40,50)",1,Vrouw,"[50,60)",1,11880
Man,"[40,50)",1,Vrouw,"[50,60)",2,8150
Man,"[40,50)",1,Vrouw,"[50,60)",3,6010
Man,"[40,50)",1,Vrouw,"[60,70)",1,4320
Man,"[40,50)",1,Vrouw,"[60,70)",2,3050
Man,"[40,50)",1,Vrouw,"[60,70)",3,1970
Man,"[40,50)",1,Vrouw,"[70,80)",2,30
Man,"[40,50)",2,Man,"[0,20)",1,4600
Man,"[40,50)",2,Man,"[0,20)",2,1760
Man,"[40,50)",2,Man,"[20,30)",1,5550
Man,"[40,50)",2,Man,"[20,30)",2,26410
Man,"[40,50)",2,Man,"[20,30)",3,19640
Man,"[40,50)",2,Man,"[30,40)",1,9590
Man,"[40,50)",2,Man,"[30,40)",2,41080
Man,"[40,50)",2,Man,"[30,40)",3,73100
Man,"[40,50)",2,Man,"[40,50)",1,14870
Man,"[40,50)",2,Man,"[40,50)",2,25440
Man,"[40,50)",2,Man,"[40,50)",3,23040
Man,"[40,50)",2,Man,"[50,60)",1,18340
Man,"[40,50)",2,Man,"[50,60)",2,27530
Man,"[40,50)",2,Man,"[50,60)",3,20230
Man,"[40,50)",2,Man,"[60,70)",1,9470
Man,"[40,50)",2,Man,"[60,70)",2,12480
Man,"[40,50)",2,Man,"[60,70)",3,8220
Man,"[40,50)",2,Man,"[70,80)",1,150
Man,"[40,50)",2,Man,"[70,80)",2,90
Man,"[40,50)",2,Man,"[70,80)",3,100
Man,"[40,50)",2,Vrouw,"[0,20)",1,4090
Man,"[40,50)",2,Vrouw,"[0,20)",2,2160
Man,"[40,50)",2,Vrouw,"[20,30)",1,2540
Man,"[40,50)",2,Vrouw,"[20,30)",2,22640
Man,"[40,50)",2,Vrouw,"[20,30)",3,28600
Man,"[40,50)",2,Vrouw,"[30,40)",1,4630
Man,"[40,50)",2,Vrouw,"[30,40)",2,12220
Man,"[40,50)",2,Vrouw,"[30,40)",3,36170
Man,"[40,50)",2,Vrouw,"[40,50)",1,8620
Man,"[40,50)",2,Vrouw,"[40,50)",2,19090
Man,"[40,50)",2,Vrouw,"[40,50)",3,22210
Man,"[40,50)",2,Vrouw,"[50,60)",1,8900
Man,"[40,50)",2,Vrouw,"[50,60)",2,18000
Man,"[40,50)",2,Vrouw,"[50,60)",3,17800
Man,"[40,50)",2,Vrouw,"[60,70)",1,4420
Man,"[40,50)",2,Vrouw,"[60,70)",2,4360
Man,"[40,50)",2,Vrouw,"[60,70)",3,5360
Man,"[40,50)",2,Vrouw,"[70,80)",3,20
Man,"[40,50)",3,Man,"[0,20)",1,3200
Man,"[40,50)",3,Man,"[0,20)",2,1610
Man,"[40,50)",3,Man,"[20,30)",1,3070
Man,"[40,50)",3,Man,"[20,30)",2,24590
Man,"[40,50)",3,Man,"[20,30)",3,61440
Man,"[40,50)",3,Man,"[30,40)",1,5520
Man,"[40,50)",3,Man,"[30,40)",2,22140
Man,"[40,50)",3,Man,"[30,40)",3,150480
Man,"[40,50)",3,Man,"[40,50)",1,7430
Man,"[40,50)",3,Man,"[40,50)",2,20930
Man,"[40,50)",3,Man,"[40,50)",3,72810
Man,"[40,50)",3,Man,"[50,60)",1,10730
Man,"[40,50)",3,Man,"[50,60)",2,22300
Man,"[40,50)",3,Man,"[50,60)",3,48300
Man,"[40,50)",3,Man,"[60,70)",1,4890
Man,"[40,50)",3,Man,"[60,70)",2,9510
Man,"[40,50)",3,Man,"[60,70)",3,19980
Man,"[40,50)",3,Man,"[70,80)",1,10
Man,"[40,50)",3,Man,"[70,80)",2,90
Man,"[40,50)",3,Man,"[70,80)",3,220
Man,"[40,50)",3,Vrouw,"[0,20)",1,3070
Man,"[40,50)",3,Vrouw,"[0,20)",2,1750
Man,"[40,50)",3,Vrouw,"[20,30)",1,2630
Man,"[40,50)",3,Vrouw,"[20,30)",2,26650
Man,"[40,50)",3,Vrouw,"[20,30)",3,79600
Man,"[40,50)",3,Vrouw,"[30,40)",1,3050
Man,"[40,50)",3,Vrouw,"[30,40)",2,23470
Man,"[40,50)",3,Vrouw,"[30,40)",3,108160
Man,"[40,50)",3,Vrouw,"[40,50)",1,4800
Man,"[40,50)",3,Vrouw,"[40,50)",2,20360
Man,"[40,50)",3,Vrouw,"[40,50)",3,62220
Man,"[40,50)",3,Vrouw,"[50,60)",1,5760
Man,"[40,50)",3,Vrouw,"[50,60)",2,25490
Man,"[40,50)",3,Vrouw,"[50,60)",3,42420
Man,"[40,50)",3,Vrouw,"[60,70)",1,2770
Man,"[40,50)",3,Vrouw,"[60,70)",2,6670
Man,"[40,50)",3,Vrouw,"[60,70)",3,17720
Man,"[40,50)",3,Vrouw,"[70,80)",2,20
Man,"[40,50)",3,Vrouw,"[70,80)",3,70
Man,"[50,60)",1,Man,"[0,20)",1,4090
Man,"[50,60)",1,Man,"[0,20)",2,950
Man,"[50,60)",1,Man,"[20,30)",1,5350
Man,"[50,60)",1,Man,"[20,30)",2,14290
Man,"[50,60)",1,Man,"[20,30)",3,7040
Man,"[50,60)",1,Man,"[30,40)",1,12220
Man,"[50,60)",1,Man,"[30,40)",2,16810
Man,"[50,60)",1,Man,"[30,40)",3,13030
Man,"[50,60)",1,Man,"[40,50)",1,27000
Man,"[50,60)",1,Man,"[40,50)",2,19320
Man,"[50,60)",1,Man,"[40,50)",3,10290
Man,"[50,60)",1,Man,"[50,60)",1,33110
Man,"[50,60)",1,Man,"[50,60)",2,23750
Man,"[50,60)",1,Man,"[50,60)",3,12340
Man,"[50,60)",1,Man,"[60,70)",1,12450
Man,"[50,60)",1,Man,"[60,70)",2,9480
Man,"[50,60)",1,Man,"[60,70)",3,4540
Man,"[50,60)",1,Man,"[70,80)",1,320
Man,"[50,60)",1,Man,"[70,80)",2,70
Man,"[50,60)",1,Man,"[70,80)",3,40
Man,"[50,60)",1,Vrouw,"[0,20)",1,2700
Man,"[50,60)",1,Vrouw,"[0,20)",2,1090
Man,"[50,60)",1,Vrouw,"[20,30)",1,1980
Man,"[50,60)",1,Vrouw,"[20,30)",2,12460
Man,"[50,60)",1,Vrouw,"[20,30)",3,9520
Man,"[50,60)",1,Vrouw,"[30,40)",1,6200
Man,"[50,60)",1,Vrouw,"[30,40)",2,7480
Man,"[50,60)",1,Vrouw,"[30,40)",3,13270
Man,"[50,60)",1,Vrouw,"[40,50)",1,10780
Man,"[50,60)",1,Vrouw,"[40,50)",2,12440
Man,"[50,60)",1,Vrouw,"[40,50)",3,10310
Man,"[50,60)",1,Vrouw,"[50,60)",1,15650
Man,"[50,60)",1,Vrouw,"[50,60)",2,12060
Man,"[50,60)",1,Vrouw,"[50,60)",3,9650
Man,"[50,60)",1,Vrouw,"[60,70)",1,8140
Man,"[50,60)",1,Vrouw,"[60,70)",2,3510
Man,"[50,60)",1,Vrouw,"[60,70)",3,3350
Man,"[50,60)",1,Vrouw,"[70,80)",2,20
Man,"[50,60)",1,Vrouw,"[70,80)",3,20
Man,"[50,60)",2,Man,"[0,20)",1,4830
Man,"[50,60)",2,Man,"[0,20)",2,1510
Man,"[50,60)",2,Man,"[20,30)",1,5600
Man,"[50,60)",2,Man,"[20,30)",2,26980
Man,"[50,60)",2,Man,"[20,30)",3,18770
Man,"[50,60)",2,Man,"[30,40)",1,9560
Man,"[50,60)",2,Man,"[30,40)",2,27270
Man,"[50,60)",2,Man,"[30,40)",3,37870
Man,"[50,60)",2,Man,"[40,50)",1,17320
Man,"[50,60)",2,Man,"[40,50)",2,27420
Man,"[50,60)",2,Man,"[40,50)",3,23930
Man,"[50,60)",2,Man,"[50,60)",1,25700
Man,"[50,60)",2,Man,"[50,60)",2,29060
Man,"[50,60)",2,Man,"[50,60)",3,23190
Man,"[50,60)",2,Man,"[60,70)",1,11050
Man,"[50,60)",2,Man,"[60,70)",2,13290
Man,"[50,60)",2,Man,"[60,70)",3,11760
Man,"[50,60)",2,Man,"[70,80)",1,170
Man,"[50,60)",2,Man,"[70,80)",2,200
Man,"[50,60)",2,Man,"[70,80)",3,150
Man,"[50,60)",2,Vrouw,"[0,20)",1,3760
Man,"[50,60)",2,Vrouw,"[0,20)",2,2150
Man,"[50,60)",2,Vrouw,"[20,30)",1,3480
Man,"[50,60)",2,Vrouw,"[20,30)",2,20290
Man,"[50,60)",2,Vrouw,"[20,30)",3,29060
Man,"[50,60)",2,Vrouw,"[30,40)",1,6840
Man,"[50,60)",2,Vrouw,"[30,40)",2,13980
Man,"[50,60)",2,Vrouw,"[30,40)",3,36690
Man,"[50,60)",2,Vrouw,"[40,50)",1,9490
Man,"[50,60)",2,Vrouw,"[40,50)",2,18910
Man,"[50,60)",2,Vrouw,"[40,50)",3,24270
Man,"[50,60)",2,Vrouw,"[50,60)",1,11030
Man,"[50,60)",2,Vrouw,"[50,60)",2,19250
Man,"[50,60)",2,Vrouw,"[50,60)",3,22640
Man,"[50,60)",2,Vrouw,"[60,70)",1,5410
Man,"[50,60)",2,Vrouw,"[60,70)",2,6810
Man,"[50,60)",2,Vrouw,"[60,70)",3,7460
Man,"[50,60)",2,Vrouw,"[70,80)",2,10
Man,"[50,60)",2,Vrouw,"[70,80)",3,40
Man,"[50,60)",3,Man,"[0,20)",1,2410
Man,"[50,60)",3,Man,"[0,20)",2,960
Man,"[50,60)",3,Man,"[20,30)",1,2570
Man,"[50,60)",3,Man,"[20,30)",2,18500
Man,"[50,60)",3,Man,"[20,30)",3,33950
Man,"[50,60)",3,Man,"[30,40)",1,5080
Man,"[50,60)",3,Man,"[30,40)",2,19510
Man,"[50,60)",3,Man,"[30,40)",3,84150
Man,"[50,60)",3,Man,"[40,50)",1,7750
Man,"[50,60)",3,Man,"[40,50)",2,19430
Man,"[50,60)",3,Man,"[40,50)",3,49260
Man,"[50,60)",3,Man,"[50,60)",1,12890
Man,"[50,60)",3,Man,"[50,60)",2,21470
Man,"[50,60)",3,Man,"[50,60)",3,48720
Man,"[50,60)",3,Man,"[60,70)",1,5200
Man,"[50,60)",3,Man,"[60,70)",2,10090
Man,"[50,60)",3,Man,"[60,70)",3,24670
Man,"[50,60)",3,Man,"[70,80)",1,140
Man,"[50,60)",3,Man,"[70,80)",2,130
Man,"[50,60)",3,Man,"[70,80)",3,120
Man,"[50,60)",3,Vrouw,"[0,20)",1,2110
Man,"[50,60)",3,Vrouw,"[0,20)",2,1220
Man,"[50,60)",3,Vrouw,"[20,30)",1,1410
Man,"[50,60)",3,Vrouw,"[20,30)",2,19260
Man,"[50,60)",3,Vrouw,"[20,30)",3,54430
Man,"[50,60)",3,Vrouw,"[30,40)",1,2420
Man,"[50,60)",3,Vrouw,"[30,40)",2,15470
Man,"[50,60)",3,Vrouw,"[30,40)",3,90220
Man,"[50,60)",3,Vrouw,"[40,50)",1,6080
Man,"[50,60)",3,Vrouw,"[40,50)",2,20740
Man,"[50,60)",3,Vrouw,"[40,50)",3,57350
Man,"[50,60)",3,Vrouw,"[50,60)",1,8260
Man,"[50,60)",3,Vrouw,"[50,60)",2,27000
Man,"[50,60)",3,Vrouw,"[50,60)",3,51220
Man,"[50,60)",3,Vrouw,"[60,70)",1,3070
Man,"[50,60)",3,Vrouw,"[60,70)",2,8820
Man,"[50,60)",3,Vrouw,"[60,70)",3,25010
Man,"[50,60)",3,Vrouw,"[70,80)",2,30
Man,"[50,60)",3,Vrouw,"[70,80)",3,90
Man,"[60,70)",1,Man,"[0,20)",1,1650
Man,"[60,70)",1,Man,"[0,20)",2,640
Man,"[60,70)",1,Man,"[20,30)",1,2480
Man,"[60,70)",1,Man,"[20,30)",2,7850
Man,"[60,70)",1,Man,"[20,30)",3,3400
Man,"[60,70)",1,Man,"[30,40)",1,4850
Man,"[60,70)",1,Man,"[30,40)",2,7900
Man,"[60,70)",1,Man,"[30,40)",3,7830
Man,"[60,70)",1,Man,"[40,50)",1,10660
Man,"[60,70)",1,Man,"[40,50)",2,9140
Man,"[60,70)",1,Man,"[40,50)",3,5340
Man,"[60,70)",1,Man,"[50,60)",1,15750
Man,"[60,70)",1,Man,"[50,60)",2,9840
Man,"[60,70)",1,Man,"[50,60)",3,5300
Man,"[60,70)",1,Man,"[60,70)",1,6000
Man,"[60,70)",1,Man,"[60,70)",2,6970
Man,"[60,70)",1,Man,"[60,70)",3,3130
Man,"[60,70)",1,Man,"[70,80)",1,340
Man,"[60,70)",1,Man,"[70,80)",2,360
Man,"[60,70)",1,Vrouw,"[0,20)",1,1320
Man,"[60,70)",1,Vrouw,"[0,20)",2,450
Man,"[60,70)",1,Vrouw,"[20,30)",1,870
Man,"[60,70)",1,Vrouw,"[20,30)",2,5000
Man,"[60,70)",1,Vrouw,"[20,30)",3,6060
Man,"[60,70)",1,Vrouw,"[30,40)",1,2150
Man,"[60,70)",1,Vrouw,"[30,40)",2,3200
Man,"[60,70)",1,Vrouw,"[30,40)",3,5810
Man,"[60,70)",1,Vrouw,"[40,50)",1,4670
Man,"[60,70)",1,Vrouw,"[40,50)",2,4180
Man,"[60,70)",1,Vrouw,"[40,50)",3,5300
Man,"[60,70)",1,Vrouw,"[50,60)",1,7220
Man,"[60,70)",1,Vrouw,"[50,60)",2,5250
Man,"[60,70)",1,Vrouw,"[50,60)",3,3640
Man,"[60,70)",1,Vrouw,"[60,70)",1,3670
Man,"[60,70)",1,Vrouw,"[60,70)",2,2360
Man,"[60,70)",1,Vrouw,"[60,70)",3,2290
Man,"[60,70)",1,Vrouw,"[70,80)",3,50
Man,"[60,70)",2,Man,"[0,20)",1,960
Man,"[60,70)",2,Man,"[0,20)",2,380
Man,"[60,70)",2,Man,"[20,30)",1,1550
Man,"[60,70)",2,Man,"[20,30)",2,9290
Man,"[60,70)",2,Man,"[20,30)",3,8380
Man,"[60,70)",2,Man,"[30,40)",1,3210
Man,"[60,70)",2,Man,"[30,40)",2,7830
Man,"[60,70)",2,Man,"[30,40)",3,9650
Man,"[60,70)",2,Man,"[40,50)",1,5310
Man,"[60,70)",2,Man,"[40,50)",2,12290
Man,"[60,70)",2,Man,"[40,50)",3,9310
Man,"[60,70)",2,Man,"[50,60)",1,9900
Man,"[60,70)",2,Man,"[50,60)",2,12920
Man,"[60,70)",2,Man,"[50,60)",3,10060
Man,"[60,70)",2,Man,"[60,70)",1,6560
Man,"[60,70)",2,Man,"[60,70)",2,6280
Man,"[60,70)",2,Man,"[60,70)",3,5240
Man,"[60,70)",2,Man,"[70,80)",1,250
Man,"[60,70)",2,Man,"[70,80)",2,390
Man,"[60,70)",2,Man,"[70,80)",3,230
Man,"[60,70)",2,Vrouw,"[0,20)",1,1110
Man,"[60,70)",2,Vrouw,"[0,20)",2,770
Man,"[60,70)",2,Vrouw,"[20,30)",1,660
Man,"[60,70)",2,Vrouw,"[20,30)",2,6900
Man,"[60,70)",2,Vrouw,"[20,30)",3,9230
Man,"[60,70)",2,Vrouw,"[30,40)",1,2320
Man,"[60,70)",2,Vrouw,"[30,40)",2,4760
Man,"[60,70)",2,Vrouw,"[30,40)",3,12480
Man,"[60,70)",2,Vrouw,"[40,50)",1,5210
Man,"[60,70)",2,Vrouw,"[40,50)",2,9360
Man,"[60,70)",2,Vrouw,"[40,50)",3,9640
Man,"[60,70)",2,Vrouw,"[50,60)",1,6110
Man,"[60,70)",2,Vrouw,"[50,60)",2,8980
Man,"[60,70)",2,Vrouw,"[50,60)",3,9470
Man,"[60,70)",2,Vrouw,"[60,70)",1,2290
Man,"[60,70)",2,Vrouw,"[60,70)",2,3140
Man,"[60,70)",2,Vrouw,"[60,70)",3,4810
Man,"[60,70)",2,Vrouw,"[70,80)",2,80
Man,"[60,70)",2,Vrouw,"[70,80)",3,70
Man,"[60,70)",3,Man,"[0,20)",1,690
Man,"[60,70)",3,Man,"[0,20)",2,280
Man,"[60,70)",3,Man,"[20,30)",1,1040
Man,"[60,70)",3,Man,"[20,30)",2,6950
Man,"[60,70)",3,Man,"[20,30)",3,14200
Man,"[60,70)",3,Man,"[30,40)",1,2190
Man,"[60,70)",3,Man,"[30,40)",2,6050
Man,"[60,70)",3,Man,"[30,40)",3,25140
Man,"[60,70)",3,Man,"[40,50)",1,2670
Man,"[60,70)",3,Man,"[40,50)",2,8110
Man,"[60,70)",3,Man,"[40,50)",3,20260
Man,"[60,70)",3,Man,"[50,60)",1,4930
Man,"[60,70)",3,Man,"[50,60)",2,10220
Man,"[60,70)",3,Man,"[50,60)",3,24640
Man,"[60,70)",3,Man,"[60,70)",1,3500
Man,"[60,70)",3,Man,"[60,70)",2,4370
Man,"[60,70)",3,Man,"[60,70)",3,12470
Man,"[60,70)",3,Man,"[70,80)",1,120
Man,"[60,70)",3,Man,"[70,80)",2,80
Man,"[60,70)",3,Man,"[70,80)",3,410
Man,"[60,70)",3,Vrouw,"[0,20)",1,770
Man,"[60,70)",3,Vrouw,"[0,20)",2,540
Man,"[60,70)",3,Vrouw,"[20,30)",1,510
Man,"[60,70)",3,Vrouw,"[20,30)",2,9940
Man,"[60,70)",3,Vrouw,"[20,30)",3,31710
Man,"[60,70)",3,Vrouw,"[30,40)",1,2140
Man,"[60,70)",3,Vrouw,"[30,40)",2,5810
Man,"[60,70)",3,Vrouw,"[30,40)",3,36060
Man,"[60,70)",3,Vrouw,"[40,50)",1,2440
Man,"[60,70)",3,Vrouw,"[40,50)",2,9060
Man,"[60,70)",3,Vrouw,"[40,50)",3,27360
Man,"[60,70)",3,Vrouw,"[50,60)",1,4410
Man,"[60,70)",3,Vrouw,"[50,60)",2,13260
Man,"[60,70)",3,Vrouw,"[50,60)",3,27920
Man,"[60,70)",3,Vrouw,"[60,70)",1,2200
Man,"[60,70)",3,Vrouw,"[60,70)",2,4860
Man,"[60,70)",3,Vrouw,"[60,70)",3,15840
Man,"[60,70)",3,Vrouw,"[70,80)",2,50
Man,"[60,70)",3,Vrouw,"[70,80)",3,80
Man,"[70,80)",1,Man,"[0,20)",1,60
Man,"[70,80)",1,Man,"[20,30)",1,40
Man,"[70,80)",1,Man,"[20,30)",2,300
Man,"[70,80)",1,Man,"[20,30)",3,80
Man,"[70,80)",1,Man,"[30,40)",1,150
Man,"[70,80)",1,Man,"[30,40)",2,250
Man,"[70,80)",1,Man,"[30,40)",3,70
Man,"[70,80)",1,Man,"[40,50)",1,30
Man,"[70,80)",1,Man,"[40,50)",2,150
Man,"[70,80)",1,Man,"[40,50)",3,10
Man,"[70,80)",1,Man,"[50,60)",1,220
Man,"[70,80)",1,Man,"[50,60)",2,180
Man,"[70,80)",1,Man,"[50,60)",3,140
Man,"[70,80)",1,Man,"[60,70)",1,320
Man,"[70,80)",1,Man,"[60,70)",2,140
Man,"[70,80)",1,Man,"[60,70)",3,130
Man,"[70,80)",1,Man,"[70,80)",1,90
Man,"[70,80)",1,Man,"[70,80)",2,100
Man,"[70,80)",1,Man,"[70,80)",3,640
Man,"[70,80)",1,Vrouw,"[20,30)",2,110
Man,"[70,80)",1,Vrouw,"[20,30)",3,90
Man,"[70,80)",1,Vrouw,"[30,40)",2,30
Man,"[70,80)",1,Vrouw,"[30,40)",3,90
Man,"[70,80)",1,Vrouw,"[40,50)",1,40
Man,"[70,80)",1,Vrouw,"[40,50)",2,50
Man,"[70,80)",1,Vrouw,"[40,50)",3,50
Man,"[70,80)",1,Vrouw,"[50,60)",1,70
Man,"[70,80)",1,Vrouw,"[50,60)",2,440
Man,"[70,80)",1,Vrouw,"[50,60)",3,70
Man,"[70,80)",1,Vrouw,"[60,70)",1,70
Man,"[70,80)",1,Vrouw,"[60,70)",2,50
Man,"[70,80)",1,Vrouw,"[60,70)",3,420
Man,"[70,80)",1,Vrouw,"[70,80)",2,50
Man,"[70,80)",1,Vrouw,"[70,80)",3,80
Man,"[70,80)",2,Man,"[20,30)",1,20
Man,"[70,80)",2,Man,"[20,30)",2,370
Man,"[70,80)",2,Man,"[20,30)",3,80
Man,"[70,80)",2,Man,"[30,40)",2,280
Man,"[70,80)",2,Man,"[30,40)",3,160
Man,"[70,80)",2,Man,"[40,50)",1,80
Man,"[70,80)",2,Man,"[40,50)",2,100
Man,"[70,80)",2,Man,"[40,50)",3,80
Man,"[70,80)",2,Man,"[50,60)",1,70
Man,"[70,80)",2,Man,"[50,60)",2,190
Man,"[70,80)",2,Man,"[50,60)",3,140
Man,"[70,80)",2,Man,"[60,70)",1,180
Man,"[70,80)",2,Man,"[60,70)",2,660
Man,"[70,80)",2,Man,"[60,70)",3,70
Man,"[70,80)",2,Man,"[70,80)",1,70
Man,"[70,80)",2,Man,"[70,80)",2,100
Man,"[70,80)",2,Man,"[70,80)",3,90
Man,"[70,80)",2,Vrouw,"[0,20)",1,20
Man,"[70,80)",2,Vrouw,"[0,20)",2,10
Man,"[70,80)",2,Vrouw,"[20,30)",2,160
Man,"[70,80)",2,Vrouw,"[20,30)",3,100
Man,"[70,80)",2,Vrouw,"[30,40)",2,20
Man,"[70,80)",2,Vrouw,"[30,40)",3,130
Man,"[70,80)",2,Vrouw,"[40,50)",1,20
Man,"[70,80)",2,Vrouw,"[40,50)",2,60
Man,"[70,80)",2,Vrouw,"[40,50)",3,80
Man,"[70,80)",2,Vrouw,"[50,60)",1,50
Man,"[70,80)",2,Vrouw,"[50,60)",2,170
Man,"[70,80)",2,Vrouw,"[50,60)",3,70
Man,"[70,80)",2,Vrouw,"[60,70)",1,120
Man,"[70,80)",2,Vrouw,"[60,70)",2,40
Man,"[70,80)",2,Vrouw,"[60,70)",3,110
Man,"[70,80)",2,Vrouw,"[70,80)",2,240
Man,"[70,80)",2,Vrouw,"[70,80)",3,50
Man,"[70,80)",3,Man,"[20,30)",2,360
Man,"[70,80)",3,Man,"[20,30)",3,440
Man,"[70,80)",3,Man,"[30,40)",2,320
Man,"[70,80)",3,Man,"[30,40)",3,380
Man,"[70,80)",3,Man,"[40,50)",1,20
Man,"[70,80)",3,Man,"[40,50)",2,480
Man,"[70,80)",3,Man,"[40,50)",3,270
Man,"[70,80)",3,Man,"[50,60)",1,50
Man,"[70,80)",3,Man,"[50,60)",2,130
Man,"[70,80)",3,Man,"[50,60)",3,170
Man,"[70,80)",3,Man,"[60,70)",1,90
Man,"[70,80)",3,Man,"[60,70)",2,150
Man,"[70,80)",3,Man,"[60,70)",3,420
Man,"[70,80)",3,Man,"[70,80)",1,750
Man,"[70,80)",3,Man,"[70,80)",2,170
Man,"[70,80)",3,Man,"[70,80)",3,570
Man,"[70,80)",3,Vrouw,"[20,30)",2,230
Man,"[70,80)",3,Vrouw,"[20,30)",3,490
Man,"[70,80)",3,Vrouw,"[30,40)",2,80
Man,"[70,80)",3,Vrouw,"[30,40)",3,520
Man,"[70,80)",3,Vrouw,"[40,50)",3,360
Man,"[70,80)",3,Vrouw,"[50,60)",2,50
Man,"[70,80)",3,Vrouw,"[50,60)",3,120
Man,"[70,80)",3,Vrouw,"[60,70)",1,80
Man,"[70,80)",3,Vrouw,"[60,70)",2,90
Man,"[70,80)",3,Vrouw,"[60,70)",3,1030
Man,"[70,80)",3,Vrouw,"[70,80)",2,110
Man,"[70,80)",3,Vrouw,"[70,80)",3,70
Vrouw,"[0,20)",1,Man,"[0,20)",1,1297820
Vrouw,"[0,20)",1,Man,"[0,20)",2,15560
Vrouw,"[0,20)",1,Man,"[0,20)",3,180
Vrouw,"[0,20)",1,Man,"[20,30)",1,14230
Vrouw,"[0,20)",1,Man,"[20,30)",2,37770
Vrouw,"[0,20)",1,Man,"[20,30)",3,12640
Vrouw,"[0,20)",1,Man,"[30,40)",1,6120
Vrouw,"[0,20)",1,Man,"[30,40)",2,8760
Vrouw,"[0,20)",1,Man,"[30,40)",3,23930
Vrouw,"[0,20)",1,Man,"[40,50)",1,2970
Vrouw,"[0,20)",1,Man,"[40,50)",2,4220
Vrouw,"[0,20)",1,Man,"[40,50)",3,3050
Vrouw,"[0,20)",1,Man,"[50,60)",1,2590
Vrouw,"[0,20)",1,Man,"[50,60)",2,3680
Vrouw,"[0,20)",1,Man,"[50,60)",3,2130
Vrouw,"[0,20)",1,Man,"[60,70)",1,1250
Vrouw,"[0,20)",1,Man,"[60,70)",2,980
Vrouw,"[0,20)",1,Man,"[60,70)",3,860
Vrouw,"[0,20)",1,Man,"[70,80)",2,20
Vrouw,"[0,20)",1,Vrouw,"[0,20)",1,1406520
Vrouw,"[0,20)",1,Vrouw,"[0,20)",2,30820
Vrouw,"[0,20)",1,Vrouw,"[0,20)",3,120
Vrouw,"[0,20)",1,Vrouw,"[20,30)",1,22910
Vrouw,"[0,20)",1,Vrouw,"[20,30)",2,64540
Vrouw,"[0,20)",1,Vrouw,"[20,30)",3,17270
Vrouw,"[0,20)",1,Vrouw,"[30,40)",1,8830
Vrouw,"[0,20)",1,Vrouw,"[30,40)",2,14590
Vrouw,"[0,20)",1,Vrouw,"[30,40)",3,10890
Vrouw,"[0,20)",1,Vrouw,"[40,50)",1,8880
Vrouw,"[0,20)",1,Vrouw,"[40,50)",2,9990
Vrouw,"[0,20)",1,Vrouw,"[40,50)",3,4740
Vrouw,"[0,20)",1,Vrouw,"[50,60)",1,6100
Vrouw,"[0,20)",1,Vrouw,"[50,60)",2,7510
Vrouw,"[0,20)",1,Vrouw,"[50,60)",3,2850
Vrouw,"[0,20)",1,Vrouw,"[60,70)",1,1580
Vrouw,"[0,20)",1,Vrouw,"[60,70)",2,1800
Vrouw,"[0,20)",1,Vrouw,"[60,70)",3,920
Vrouw,"[0,20)",2,Man,"[0,20)",1,22680
Vrouw,"[0,20)",2,Man,"[0,20)",2,40410
Vrouw,"[0,20)",2,Man,"[0,20)",3,520
Vrouw,"[0,20)",2,Man,"[20,30)",1,4090
Vrouw,"[0,20)",2,Man,"[20,30)",2,56640
Vrouw,"[0,20)",2,Man,"[20,30)",3,8630
Vrouw,"[0,20)",2,Man,"[30,40)",1,2200
Vrouw,"[0,20)",2,Man,"[30,40)",2,5440
Vrouw,"[0,20)",2,Man,"[30,40)",3,5470
Vrouw,"[0,20)",2,Man,"[40,50)",1,1240
Vrouw,"[0,20)",2,Man,"[40,50)",2,2270
Vrouw,"[0,20)",2,Man,"[40,50)",3,1760
Vrouw,"[0,20)",2,Man,"[50,60)",1,1090
Vrouw,"[0,20)",2,Man,"[50,60)",2,2240
Vrouw,"[0,20)",2,Man,"[50,60)",3,1150
Vrouw,"[0,20)",2,Man,"[60,70)",1,470
Vrouw,"[0,20)",2,Man,"[60,70)",2,720
Vrouw,"[0,20)",2,Man,"[60,70)",3,560
Vrouw,"[0,20)",2,Vrouw,"[0,20)",1,31060
Vrouw,"[0,20)",2,Vrouw,"[0,20)",2,82200
Vrouw,"[0,20)",2,Vrouw,"[0,20)",3,580
Vrouw,"[0,20)",2,Vrouw,"[20,30)",1,4750
Vrouw,"[0,20)",2,Vrouw,"[20,30)",2,89720
Vrouw,"[0,20)",2,Vrouw,"[20,30)",3,12830
Vrouw,"[0,20)",2,Vrouw,"[30,40)",1,1580
Vrouw,"[0,20)",2,Vrouw,"[30,40)",2,7010
Vrouw,"[0,20)",2,Vrouw,"[30,40)",3,5760
Vrouw,"[0,20)",2,Vrouw,"[40,50)",1,1960
Vrouw,"[0,20)",2,Vrouw,"[40,50)",2,4700
Vrouw,"[0,20)",2,Vrouw,"[40,50)",3,2470
Vrouw,"[0,20)",2,Vrouw,"[50,60)",1,1850
Vrouw,"[0,20)",2,Vrouw,"[50,60)",2,3170
Vrouw,"[0,20)",2,Vrouw,"[50,60)",3,1650
Vrouw,"[0,20)",2,Vrouw,"[60,70)",1,630
Vrouw,"[0,20)",2,Vrouw,"[60,70)",2,790
Vrouw,"[0,20)",2,Vrouw,"[60,70)",3,660
Vrouw,"[0,20)",3,Man,"[0,20)",1,100
Vrouw,"[0,20)",3,Man,"[0,20)",2,290
Vrouw,"[0,20)",3,Man,"[20,30)",2,340
Vrouw,"[0,20)",3,Man,"[20,30)",3,50
Vrouw,"[0,20)",3,Vrouw,"[0,20)",1,110
Vrouw,"[0,20)",3,Vrouw,"[0,20)",2,580
Vrouw,"[0,20)",3,Vrouw,"[20,30)",2,550
Vrouw,"[0,20)",3,Vrouw,"[20,30)",3,140
Vrouw,"[0,20)",3,Vrouw,"[30,40)",3,10
Vrouw,"[20,30)",1,Man,"[0,20)",1,15910
Vrouw,"[20,30)",1,Man,"[0,20)",2,2360
Vrouw,"[20,30)",1,Man,"[20,30)",1,4930
Vrouw,"[20,30)",1,Man,"[20,30)",2,15640
Vrouw,"[20,30)",1,Man,"[20,30)",3,4140
Vrouw,"[20,30)",1,Man,"[30,40)",1,3700
Vrouw,"[20,30)",1,Man,"[30,40)",2,4380
Vrouw,"[20,30)",1,Man,"[30,40)",3,6200
Vrouw,"[20,30)",1,Man,"[40,50)",1,2050
Vrouw,"[20,30)",1,Man,"[40,50)",2,2760
Vrouw,"[20,30)",1,Man,"[40,50)",3,2300
Vrouw,"[20,30)",1,Man,"[50,60)",1,1950
Vrouw,"[20,30)",1,Man,"[50,60)",2,3170
Vrouw,"[20,30)",1,Man,"[50,60)",3,1510
Vrouw,"[20,30)",1,Man,"[60,70)",1,860
Vrouw,"[20,30)",1,Man,"[60,70)",2,640
Vrouw,"[20,30)",1,Man,"[60,70)",3,580
Vrouw,"[20,30)",1,Vrouw,"[0,20)",1,23490
Vrouw,"[20,30)",1,Vrouw,"[0,20)",2,4910
Vrouw,"[20,30)",1,Vrouw,"[20,30)",1,6500
Vrouw,"[20,30)",1,Vrouw,"[20,30)",2,22860
Vrouw,"[20,30)",1,Vrouw,"[20,30)",3,9470
Vrouw,"[20,30)",1,Vrouw,"[30,40)",1,2790
Vrouw,"[20,30)",1,Vrouw,"[30,40)",2,6560
Vrouw,"[20,30)",1,Vrouw,"[30,40)",3,6520
Vrouw,"[20,30)",1,Vrouw,"[40,50)",1,2990
Vrouw,"[20,30)",1,Vrouw,"[40,50)",2,4760
Vrouw,"[20,30)",1,Vrouw,"[40,50)",3,2570
Vrouw,"[20,30)",1,Vrouw,"[50,60)",1,2750
Vrouw,"[20,30)",1,Vrouw,"[50,60)",2,3560
Vrouw,"[20,30)",1,Vrouw,"[50,60)",3,1780
Vrouw,"[20,30)",1,Vrouw,"[60,70)",1,870
Vrouw,"[20,30)",1,Vrouw,"[60,70)",2,1240
Vrouw,"[20,30)",1,Vrouw,"[60,70)",3,570
Vrouw,"[20,30)",2,Man,"[0,20)",1,51920
Vrouw,"[20,30)",2,Man,"[0,20)",2,44210
Vrouw,"[20,30)",2,Man,"[0,20)",3,310
Vrouw,"[20,30)",2,Man,"[20,30)",1,23780
Vrouw,"[20,30)",2,Man,"[20,30)",2,315720
Vrouw,"[20,30)",2,Man,"[20,30)",3,66020
Vrouw,"[20,30)",2,Man,"[30,40)",1,32310
Vrouw,"[20,30)",2,Man,"[30,40)",2,40800
Vrouw,"[20,30)",2,Man,"[30,40)",3,54140
Vrouw,"[20,30)",2,Man,"[40,50)",1,18690
Vrouw,"[20,30)",2,Man,"[40,50)",2,22990
Vrouw,"[20,30)",2,Man,"[40,50)",3,26180
Vrouw,"[20,30)",2,Man,"[50,60)",1,12870
Vrouw,"[20,30)",2,Man,"[50,60)",2,20020
Vrouw,"[20,30)",2,Man,"[50,60)",3,19490
Vrouw,"[20,30)",2,Man,"[60,70)",1,5060
Vrouw,"[20,30)",2,Man,"[60,70)",2,6660
Vrouw,"[20,30)",2,Man,"[60,70)",3,10250
Vrouw,"[20,30)",2,Man,"[70,80)",1,120
Vrouw,"[20,30)",2,Man,"[70,80)",2,160
Vrouw,"[20,30)",2,Man,"[70,80)",3,270
Vrouw,"[20,30)",2,Vrouw,"[0,20)",1,64800
Vrouw,"[20,30)",2,Vrouw,"[0,20)",2,89420
Vrouw,"[20,30)",2,Vrouw,"[0,20)",3,540
Vrouw,"[20,30)",2,Vrouw,"[20,30)",1,22040
Vrouw,"[20,30)",2,Vrouw,"[20,30)",2,542960
Vrouw,"[20,30)",2,Vrouw,"[20,30)",3,143810
Vrouw,"[20,30)",2,Vrouw,"[30,40)",1,15550
Vrouw,"[20,30)",2,Vrouw,"[30,40)",2,56690
Vrouw,"[20,30)",2,Vrouw,"[30,40)",3,79890
Vrouw,"[20,30)",2,Vrouw,"[40,50)",1,17630
Vrouw,"[20,30)",2,Vrouw,"[40,50)",2,42440
Vrouw,"[20,30)",2,Vrouw,"[40,50)",3,33090
Vrouw,"[20,30)",2,Vrouw,"[50,60)",1,18370
Vrouw,"[20,30)",2,Vrouw,"[50,60)",2,38740
Vrouw,"[20,30)",2,Vrouw,"[50,60)",3,26870
Vrouw,"[20,30)",2,Vrouw,"[60,70)",1,6540
Vrouw,"[20,30)",2,Vrouw,"[60,70)",2,12290
Vrouw,"[20,30)",2,Vrouw,"[60,70)",3,10600
Vrouw,"[20,30)",2,Vrouw,"[70,80)",1,50
Vrouw,"[20,30)",2,Vrouw,"[70,80)",2,170
Vrouw,"[20,30)",2,Vrouw,"[70,80)",3,480
Vrouw,"[20,30)",3,Man,"[0,20)",1,14520
Vrouw,"[20,30)",3,Man,"[0,20)",2,6920
Vrouw,"[20,30)",3,Man,"[0,20)",3,10
Vrouw,"[20,30)",3,Man,"[20,30)",1,8740
Vrouw,"[20,30)",3,Man,"[20,30)",2,87900
Vrouw,"[20,30)",3,Man,"[20,30)",3,264820
Vrouw,"[20,30)",3,Man,"[30,40)",1,15530
Vrouw,"[20,30)",3,Man,"[30,40)",2,40780
Vrouw,"[20,30)",3,Man,"[30,40)",3,223780
Vrouw,"[20,30)",3,Man,"[40,50)",1,8030
Vrouw,"[20,30)",3,Man,"[40,50)",2,26160
Vrouw,"[20,30)",3,Man,"[40,50)",3,75560
Vrouw,"[20,30)",3,Man,"[50,60)",1,9290
Vrouw,"[20,30)",3,Man,"[50,60)",2,24400
Vrouw,"[20,30)",3,Man,"[50,60)",3,52530
Vrouw,"[20,30)",3,Man,"[60,70)",1,5700
Vrouw,"[20,30)",3,Man,"[60,70)",2,9000
Vrouw,"[20,30)",3,Man,"[60,70)",3,29810
Vrouw,"[20,30)",3,Man,"[70,80)",1,100
Vrouw,"[20,30)",3,Man,"[70,80)",2,120
Vrouw,"[20,30)",3,Man,"[70,80)",3,640
Vrouw,"[20,30)",3,Vrouw,"[0,20)",1,16890
Vrouw,"[20,30)",3,Vrouw,"[0,20)",2,12180
Vrouw,"[20,30)",3,Vrouw,"[0,20)",3,130
Vrouw,"[20,30)",3,Vrouw,"[20,30)",1,8070
Vrouw,"[20,30)",3,Vrouw,"[20,30)",2,137190
Vrouw,"[20,30)",3,Vrouw,"[20,30)",3,494870
Vrouw,"[20,30)",3,Vrouw,"[30,40)",1,8040
Vrouw,"[20,30)",3,Vrouw,"[30,40)",2,39930
Vrouw,"[20,30)",3,Vrouw,"[30,40)",3,259490
Vrouw,"[20,30)",3,Vrouw,"[40,50)",1,8070
Vrouw,"[20,30)",3,Vrouw,"[40,50)",2,29120
Vrouw,"[20,30)",3,Vrouw,"[40,50)",3,94200
Vrouw,"[20,30)",3,Vrouw,"[50,60)",1,9110
Vrouw,"[20,30)",3,Vrouw,"[50,60)",2,41190
Vrouw,"[20,30)",3,Vrouw,"[50,60)",3,61320
Vrouw,"[20,30)",3,Vrouw,"[60,70)",1,5310
Vrouw,"[20,30)",3,Vrouw,"[60,70)",2,13460
Vrouw,"[20,30)",3,Vrouw,"[60,70)",3,27210
Vrouw,"[20,30)",3,Vrouw,"[70,80)",1,10
Vrouw,"[20,30)",3,Vrouw,"[70,80)",2,250
Vrouw,"[20,30)",3,Vrouw,"[70,80)",3,280
Vrouw,"[30,40)",1,Man,"[0,20)",1,5980
Vrouw,"[30,40)",1,Man,"[0,20)",2,1130
Vrouw,"[30,40)",1,Man,"[20,30)",1,2710
Vrouw,"[30,40)",1,Man,"[20,30)",2,8120
Vrouw,"[30,40)",1,Man,"[20,30)",3,5820
Vrouw,"[30,40)",1,Man,"[30,40)",1,5570
Vrouw,"[30,40)",1,Man,"[30,40)",2,7130
Vrouw,"[30,40)",1,Man,"[30,40)",3,6110
Vrouw,"[30,40)",1,Man,"[40,50)",1,6630
Vrouw,"[30,40)",1,Man,"[40,50)",2,4940
Vrouw,"[30,40)",1,Man,"[40,50)",3,3060
Vrouw,"[30,40)",1,Man,"[50,60)",1,6280
Vrouw,"[30,40)",1,Man,"[50,60)",2,7810
Vrouw,"[30,40)",1,Man,"[50,60)",3,3330
Vrouw,"[30,40)",1,Man,"[60,70)",1,2110
Vrouw,"[30,40)",1,Man,"[60,70)",2,2510
Vrouw,"[30,40)",1,Man,"[60,70)",3,2500
Vrouw,"[30,40)",1,Vrouw,"[0,20)",1,8960
Vrouw,"[30,40)",1,Vrouw,"[0,20)",2,1750
Vrouw,"[30,40)",1,Vrouw,"[20,30)",1,2840
Vrouw,"[30,40)",1,Vrouw,"[20,30)",2,16300
Vrouw,"[30,40)",1,Vrouw,"[20,30)",3,8500
Vrouw,"[30,40)",1,Vrouw,"[30,40)",1,5340
Vrouw,"[30,40)",1,Vrouw,"[30,40)",2,7700
Vrouw,"[30,40)",1,Vrouw,"[30,40)",3,7770
Vrouw,"[30,40)",1,Vrouw,"[40,50)",1,7970
Vrouw,"[30,40)",1,Vrouw,"[40,50)",2,8550
Vrouw,"[30,40)",1,Vrouw,"[40,50)",3,4780
Vrouw,"[30,40)",1,Vrouw,"[50,60)",1,10150
Vrouw,"[30,40)",1,Vrouw,"[50,60)",2,9170
Vrouw,"[30,40)",1,Vrouw,"[50,60)",3,4780
Vrouw,"[30,40)",1,Vrouw,"[60,70)",1,3340
Vrouw,"[30,40)",1,Vrouw,"[60,70)",2,2470
Vrouw,"[30,40)",1,Vrouw,"[60,70)",3,1960
Vrouw,"[30,40)",2,Man,"[0,20)",1,12360
Vrouw,"[30,40)",2,Man,"[0,20)",2,4000
Vrouw,"[30,40)",2,Man,"[0,20)",3,10
Vrouw,"[30,40)",2,Man,"[20,30)",1,5250
Vrouw,"[30,40)",2,Man,"[20,30)",2,28300
Vrouw,"[30,40)",2,Man,"[20,30)",3,29790
Vrouw,"[30,40)",2,Man,"[30,40)",1,6790
Vrouw,"[30,40)",2,Man,"[30,40)",2,17160
Vrouw,"[30,40)",2,Man,"[30,40)",3,44310
Vrouw,"[30,40)",2,Man,"[40,50)",1,7710
Vrouw,"[30,40)",2,Man,"[40,50)",2,12610
Vrouw,"[30,40)",2,Man,"[40,50)",3,27170
Vrouw,"[30,40)",2,Man,"[50,60)",1,7710
Vrouw,"[30,40)",2,Man,"[50,60)",2,13250
Vrouw,"[30,40)",2,Man,"[50,60)",3,16320
Vrouw,"[30,40)",2,Man,"[60,70)",1,3390
Vrouw,"[30,40)",2,Man,"[60,70)",2,4560
Vrouw,"[30,40)",2,Man,"[60,70)",3,6160
Vrouw,"[30,40)",2,Man,"[70,80)",1,30
Vrouw,"[30,40)",2,Man,"[70,80)",2,20
Vrouw,"[30,40)",2,Man,"[70,80)",3,100
Vrouw,"[30,40)",2,Vrouw,"[0,20)",1,15820
Vrouw,"[30,40)",2,Vrouw,"[0,20)",2,8320
Vrouw,"[30,40)",2,Vrouw,"[20,30)",1,6230
Vrouw,"[30,40)",2,Vrouw,"[20,30)",2,57720
Vrouw,"[30,40)",2,Vrouw,"[20,30)",3,42350
Vrouw,"[30,40)",2,Vrouw,"[30,40)",1,7040
Vrouw,"[30,40)",2,Vrouw,"[30,40)",2,27210
Vrouw,"[30,40)",2,Vrouw,"[30,40)",3,50270
Vrouw,"[30,40)",2,Vrouw,"[40,50)",1,8750
Vrouw,"[30,40)",2,Vrouw,"[40,50)",2,30660
Vrouw,"[30,40)",2,Vrouw,"[40,50)",3,28140
Vrouw,"[30,40)",2,Vrouw,"[50,60)",1,11520
Vrouw,"[30,40)",2,Vrouw,"[50,60)",2,28730
Vrouw,"[30,40)",2,Vrouw,"[50,60)",3,22090
Vrouw,"[30,40)",2,Vrouw,"[60,70)",1,4930
Vrouw,"[30,40)",2,Vrouw,"[60,70)",2,8880
Vrouw,"[30,40)",2,Vrouw,"[60,70)",3,7820
Vrouw,"[30,40)",2,Vrouw,"[70,80)",1,10
Vrouw,"[30,40)",2,Vrouw,"[70,80)",3,240
Vrouw,"[30,40)",3,Man,"[0,20)",1,8270
Vrouw,"[30,40)",3,Man,"[0,20)",2,3130
Vrouw,"[30,40)",3,Man,"[20,30)",1,6160
Vrouw,"[30,40)",3,Man,"[20,30)",2,46550
Vrouw,"[30,40)",3,Man,"[20,30)",3,161050
Vrouw,"[30,40)",3,Man,"[30,40)",1,12780
Vrouw,"[30,40)",3,Man,"[30,40)",2,36990
Vrouw,"[30,40)",3,Man,"[30,40)",3,503980
Vrouw,"[30,40)",3,Man,"[40,50)",1,9190
Vrouw,"[30,40)",3,Man,"[40,50)",2,36010
Vrouw,"[30,40)",3,Man,"[40,50)",3,106360
Vrouw,"[30,40)",3,Man,"[50,60)",1,13260
Vrouw,"[30,40)",3,Man,"[50,60)",2,33690
Vrouw,"[30,40)",3,Man,"[50,60)",3,91480
Vrouw,"[30,40)",3,Man,"[60,70)",1,5280
Vrouw,"[30,40)",3,Man,"[60,70)",2,12350
Vrouw,"[30,40)",3,Man,"[60,70)",3,33960
Vrouw,"[30,40)",3,Man,"[70,80)",1,80
Vrouw,"[30,40)",3,Man,"[70,80)",2,110
Vrouw,"[30,40)",3,Man,"[70,80)",3,420
Vrouw,"[30,40)",3,Vrouw,"[0,20)",1,10690
Vrouw,"[30,40)",3,Vrouw,"[0,20)",2,5530
Vrouw,"[30,40)",3,Vrouw,"[0,20)",3,10
Vrouw,"[30,40)",3,Vrouw,"[20,30)",1,5830
Vrouw,"[30,40)",3,Vrouw,"[20,30)",2,74920
Vrouw,"[30,40)",3,Vrouw,"[20,30)",3,261780
Vrouw,"[30,40)",3,Vrouw,"[30,40)",1,6810
Vrouw,"[30,40)",3,Vrouw,"[30,40)",2,47000
Vrouw,"[30,40)",3,Vrouw,"[30,40)",3,312590
Vrouw,"[30,40)",3,Vrouw,"[40,50)",1,10630
Vrouw,"[30,40)",3,Vrouw,"[40,50)",2,46150
Vrouw,"[30,40)",3,Vrouw,"[40,50)",3,140990
Vrouw,"[30,40)",3,Vrouw,"[50,60)",1,13730
Vrouw,"[30,40)",3,Vrouw,"[50,60)",2,49980
Vrouw,"[30,40)",3,Vrouw,"[50,60)",3,102230
Vrouw,"[30,40)",3,Vrouw,"[60,70)",1,7560
Vrouw,"[30,40)",3,Vrouw,"[60,70)",2,18430
Vrouw,"[30,40)",3,Vrouw,"[60,70)",3,46270
Vrouw,"[30,40)",3,Vrouw,"[70,80)",2,120
Vrouw,"[30,40)",3,Vrouw,"[70,80)",3,400
Vrouw,"[40,50)",1,Man,"[0,20)",1,4820
Vrouw,"[40,50)",1,Man,"[0,20)",2,990
Vrouw,"[40,50)",1,Man,"[20,30)",1,2740
Vrouw,"[40,50)",1,Man,"[20,30)",2,10000
Vrouw,"[40,50)",1,Man,"[20,30)",3,4470
Vrouw,"[40,50)",1,Man,"[30,40)",1,6800
Vrouw,"[40,50)",1,Man,"[30,40)",2,9980
Vrouw,"[40,50)",1,Man,"[30,40)",3,8600
Vrouw,"[40,50)",1,Man,"[40,50)",1,8270
Vrouw,"[40,50)",1,Man,"[40,50)",2,8130
Vrouw,"[40,50)",1,Man,"[40,50)",3,4930
Vrouw,"[40,50)",1,Man,"[50,60)",1,10730
Vrouw,"[40,50)",1,Man,"[50,60)",2,10250
Vrouw,"[40,50)",1,Man,"[50,60)",3,5960
Vrouw,"[40,50)",1,Man,"[60,70)",1,4180
Vrouw,"[40,50)",1,Man,"[60,70)",2,5150
Vrouw,"[40,50)",1,Man,"[60,70)",3,2350
Vrouw,"[40,50)",1,Man,"[70,80)",1,40
Vrouw,"[40,50)",1,Man,"[70,80)",2,20
Vrouw,"[40,50)",1,Vrouw,"[0,20)",1,8550
Vrouw,"[40,50)",1,Vrouw,"[0,20)",2,1910
Vrouw,"[40,50)",1,Vrouw,"[20,30)",1,2900
Vrouw,"[40,50)",1,Vrouw,"[20,30)",2,17820
Vrouw,"[40,50)",1,Vrouw,"[20,30)",3,8460
Vrouw,"[40,50)",1,Vrouw,"[30,40)",1,8060
Vrouw,"[40,50)",1,Vrouw,"[30,40)",2,8830
Vrouw,"[40,50)",1,Vrouw,"[30,40)",3,11300
Vrouw,"[40,50)",1,Vrouw,"[40,50)",1,14680
Vrouw,"[40,50)",1,Vrouw,"[40,50)",2,12750
Vrouw,"[40,50)",1,Vrouw,"[40,50)",3,6770
Vrouw,"[40,50)",1,Vrouw,"[50,60)",1,17050
Vrouw,"[40,50)",1,Vrouw,"[50,60)",2,13110
Vrouw,"[40,50)",1,Vrouw,"[50,60)",3,7570
Vrouw,"[40,50)",1,Vrouw,"[60,70)",1,4750
Vrouw,"[40,50)",1,Vrouw,"[60,70)",2,3530
Vrouw,"[40,50)",1,Vrouw,"[60,70)",3,2820
Vrouw,"[40,50)",1,Vrouw,"[70,80)",2,20
Vrouw,"[40,50)",2,Man,"[0,20)",1,6270
Vrouw,"[40,50)",2,Man,"[0,20)",2,2650
Vrouw,"[40,50)",2,Man,"[20,30)",1,4180
Vrouw,"[40,50)",2,Man,"[20,30)",2,19040
Vrouw,"[40,50)",2,Man,"[20,30)",3,18930
Vrouw,"[40,50)",2,Man,"[30,40)",1,6400
Vrouw,"[40,50)",2,Man,"[30,40)",2,14410
Vrouw,"[40,50)",2,Man,"[30,40)",3,40960
Vrouw,"[40,50)",2,Man,"[40,50)",1,10870
Vrouw,"[40,50)",2,Man,"[40,50)",2,17940
Vrouw,"[40,50)",2,Man,"[40,50)",3,19630
Vrouw,"[40,50)",2,Man,"[50,60)",1,11380
Vrouw,"[40,50)",2,Man,"[50,60)",2,17810
Vrouw,"[40,50)",2,Man,"[50,60)",3,19820
Vrouw,"[40,50)",2,Man,"[60,70)",1,4140
Vrouw,"[40,50)",2,Man,"[60,70)",2,9370
Vrouw,"[40,50)",2,Man,"[60,70)",3,8640
Vrouw,"[40,50)",2,Man,"[70,80)",1,110
Vrouw,"[40,50)",2,Man,"[70,80)",2,30
Vrouw,"[40,50)",2,Man,"[70,80)",3,60
Vrouw,"[40,50)",2,Vrouw,"[0,20)",1,9520
Vrouw,"[40,50)",2,Vrouw,"[0,20)",2,4620
Vrouw,"[40,50)",2,Vrouw,"[20,30)",1,4460
Vrouw,"[40,50)",2,Vrouw,"[20,30)",2,40450
Vrouw,"[40,50)",2,Vrouw,"[20,30)",3,30530
Vrouw,"[40,50)",2,Vrouw,"[30,40)",1,7430
Vrouw,"[40,50)",2,Vrouw,"[30,40)",2,29750
Vrouw,"[40,50)",2,Vrouw,"[30,40)",3,42630
Vrouw,"[40,50)",2,Vrouw,"[40,50)",1,12060
Vrouw,"[40,50)",2,Vrouw,"[40,50)",2,37940
Vrouw,"[40,50)",2,Vrouw,"[40,50)",3,28120
Vrouw,"[40,50)",2,Vrouw,"[50,60)",1,16770
Vrouw,"[40,50)",2,Vrouw,"[50,60)",2,34860
Vrouw,"[40,50)",2,Vrouw,"[50,60)",3,24880
Vrouw,"[40,50)",2,Vrouw,"[60,70)",1,6130
Vrouw,"[40,50)",2,Vrouw,"[60,70)",2,10860
Vrouw,"[40,50)",2,Vrouw,"[60,70)",3,10840
Vrouw,"[40,50)",2,Vrouw,"[70,80)",1,10
Vrouw,"[40,50)",2,Vrouw,"[70,80)",3,90
Vrouw,"[40,50)",3,Man,"[0,20)",1,3520
Vrouw,"[40,50)",3,Man,"[0,20)",2,1350
Vrouw,"[40,50)",3,Man,"[20,30)",1,2590
Vrouw,"[40,50)",3,Man,"[20,30)",2,21470
Vrouw,"[40,50)",3,Man,"[20,30)",3,51710
Vrouw,"[40,50)",3,Man,"[30,40)",1,5320
Vrouw,"[40,50)",3,Man,"[30,40)",2,19330
Vrouw,"[40,50)",3,Man,"[30,40)",3,128680
Vrouw,"[40,50)",3,Man,"[40,50)",1,5580
Vrouw,"[40,50)",3,Man,"[40,50)",2,21450
Vrouw,"[40,50)",3,Man,"[40,50)",3,62510
Vrouw,"[40,50)",3,Man,"[50,60)",1,10450
Vrouw,"[40,50)",3,Man,"[50,60)",2,22150
Vrouw,"[40,50)",3,Man,"[50,60)",3,56150
Vrouw,"[40,50)",3,Man,"[60,70)",1,4630
Vrouw,"[40,50)",3,Man,"[60,70)",2,9840
Vrouw,"[40,50)",3,Man,"[60,70)",3,26760
Vrouw,"[40,50)",3,Man,"[70,80)",1,50
Vrouw,"[40,50)",3,Man,"[70,80)",2,90
Vrouw,"[40,50)",3,Man,"[70,80)",3,410
Vrouw,"[40,50)",3,Vrouw,"[0,20)",1,4810
Vrouw,"[40,50)",3,Vrouw,"[0,20)",2,2360
Vrouw,"[40,50)",3,Vrouw,"[20,30)",1,2470
Vrouw,"[40,50)",3,Vrouw,"[20,30)",2,32210
Vrouw,"[40,50)",3,Vrouw,"[20,30)",3,96540
Vrouw,"[40,50)",3,Vrouw,"[30,40)",1,4020
Vrouw,"[40,50)",3,Vrouw,"[30,40)",2,30110
Vrouw,"[40,50)",3,Vrouw,"[30,40)",3,144330
Vrouw,"[40,50)",3,Vrouw,"[40,50)",1,6370
Vrouw,"[40,50)",3,Vrouw,"[40,50)",2,27370
Vrouw,"[40,50)",3,Vrouw,"[40,50)",3,90340
Vrouw,"[40,50)",3,Vrouw,"[50,60)",1,8170
Vrouw,"[40,50)",3,Vrouw,"[50,60)",2,34600
Vrouw,"[40,50)",3,Vrouw,"[50,60)",3,72580
Vrouw,"[40,50)",3,Vrouw,"[60,70)",1,4330
Vrouw,"[40,50)",3,Vrouw,"[60,70)",2,12090
Vrouw,"[40,50)",3,Vrouw,"[60,70)",3,38100
Vrouw,"[40,50)",3,Vrouw,"[70,80)",2,100
Vrouw,"[40,50)",3,Vrouw,"[70,80)",3,180
Vrouw,"[50,60)",1,Man,"[0,20)",1,4590
Vrouw,"[50,60)",1,Man,"[0,20)",2,1010
Vrouw,"[50,60)",1,Man,"[20,30)",1,3310
Vrouw,"[50,60)",1,Man,"[20,30)",2,9330
Vrouw,"[50,60)",1,Man,"[20,30)",3,7740
Vrouw,"[50,60)",1,Man,"[30,40)",1,6610
Vrouw,"[50,60)",1,Man,"[30,40)",2,9100
Vrouw,"[50,60)",1,Man,"[30,40)",3,9300
Vrouw,"[50,60)",1,Man,"[40,50)",1,11460
Vrouw,"[50,60)",1,Man,"[40,50)",2,9020
Vrouw,"[50,60)",1,Man,"[40,50)",3,6130
Vrouw,"[50,60)",1,Man,"[50,60)",1,15920
Vrouw,"[50,60)",1,Man,"[50,60)",2,11610
Vrouw,"[50,60)",1,Man,"[50,60)",3,8190
Vrouw,"[50,60)",1,Man,"[60,70)",1,6340
Vrouw,"[50,60)",1,Man,"[60,70)",2,5420
Vrouw,"[50,60)",1,Man,"[60,70)",3,4430
Vrouw,"[50,60)",1,Man,"[70,80)",1,70
Vrouw,"[50,60)",1,Man,"[70,80)",2,50
Vrouw,"[50,60)",1,Vrouw,"[0,20)",1,6660
Vrouw,"[50,60)",1,Vrouw,"[0,20)",2,1930
Vrouw,"[50,60)",1,Vrouw,"[20,30)",1,2620
Vrouw,"[50,60)",1,Vrouw,"[20,30)",2,18420
Vrouw,"[50,60)",1,Vrouw,"[20,30)",3,9440
Vrouw,"[50,60)",1,Vrouw,"[30,40)",1,10480
Vrouw,"[50,60)",1,Vrouw,"[30,40)",2,11200
Vrouw,"[50,60)",1,Vrouw,"[30,40)",3,14650
Vrouw,"[50,60)",1,Vrouw,"[40,50)",1,17680
Vrouw,"[50,60)",1,Vrouw,"[40,50)",2,17060
Vrouw,"[50,60)",1,Vrouw,"[40,50)",3,8850
Vrouw,"[50,60)",1,Vrouw,"[50,60)",1,23810
Vrouw,"[50,60)",1,Vrouw,"[50,60)",2,19320
Vrouw,"[50,60)",1,Vrouw,"[50,60)",3,9240
Vrouw,"[50,60)",1,Vrouw,"[60,70)",1,7630
Vrouw,"[50,60)",1,Vrouw,"[60,70)",2,7160
Vrouw,"[50,60)",1,Vrouw,"[60,70)",3,4020
Vrouw,"[50,60)",1,Vrouw,"[70,80)",2,10
Vrouw,"[50,60)",2,Man,"[0,20)",1,4050
Vrouw,"[50,60)",2,Man,"[0,20)",2,1340
Vrouw,"[50,60)",2,Man,"[20,30)",1,3490
Vrouw,"[50,60)",2,Man,"[20,30)",2,17350
Vrouw,"[50,60)",2,Man,"[20,30)",3,17060
Vrouw,"[50,60)",2,Man,"[30,40)",1,5020
Vrouw,"[50,60)",2,Man,"[30,40)",2,14130
Vrouw,"[50,60)",2,Man,"[30,40)",3,43030
Vrouw,"[50,60)",2,Man,"[40,50)",1,8020
Vrouw,"[50,60)",2,Man,"[40,50)",2,17950
Vrouw,"[50,60)",2,Man,"[40,50)",3,26250
Vrouw,"[50,60)",2,Man,"[50,60)",1,12990
Vrouw,"[50,60)",2,Man,"[50,60)",2,20810
Vrouw,"[50,60)",2,Man,"[50,60)",3,29090
Vrouw,"[50,60)",2,Man,"[60,70)",1,5360
Vrouw,"[50,60)",2,Man,"[60,70)",2,9680
Vrouw,"[50,60)",2,Man,"[60,70)",3,13430
Vrouw,"[50,60)",2,Man,"[70,80)",1,440
Vrouw,"[50,60)",2,Man,"[70,80)",2,170
Vrouw,"[50,60)",2,Man,"[70,80)",3,60
Vrouw,"[50,60)",2,Vrouw,"[0,20)",1,7570
Vrouw,"[50,60)",2,Vrouw,"[0,20)",2,3150
Vrouw,"[50,60)",2,Vrouw,"[20,30)",1,3510
Vrouw,"[50,60)",2,Vrouw,"[20,30)",2,38240
Vrouw,"[50,60)",2,Vrouw,"[20,30)",3,43280
Vrouw,"[50,60)",2,Vrouw,"[30,40)",1,7050
Vrouw,"[50,60)",2,Vrouw,"[30,40)",2,28530
Vrouw,"[50,60)",2,Vrouw,"[30,40)",3,52370
Vrouw,"[50,60)",2,Vrouw,"[40,50)",1,12870
Vrouw,"[50,60)",2,Vrouw,"[40,50)",2,36340
Vrouw,"[50,60)",2,Vrouw,"[40,50)",3,36610
Vrouw,"[50,60)",2,Vrouw,"[50,60)",1,19270
Vrouw,"[50,60)",2,Vrouw,"[50,60)",2,51380
Vrouw,"[50,60)",2,Vrouw,"[50,60)",3,35550
Vrouw,"[50,60)",2,Vrouw,"[60,70)",1,8200
Vrouw,"[50,60)",2,Vrouw,"[60,70)",2,14840
Vrouw,"[50,60)",2,Vrouw,"[60,70)",3,18810
Vrouw,"[50,60)",2,Vrouw,"[70,80)",1,10
Vrouw,"[50,60)",2,Vrouw,"[70,80)",2,20
Vrouw,"[50,60)",2,Vrouw,"[70,80)",3,250
Vrouw,"[50,60)",3,Man,"[0,20)",1,1870
Vrouw,"[50,60)",3,Man,"[0,20)",2,840
Vrouw,"[50,60)",3,Man,"[20,30)",1,1800
Vrouw,"[50,60)",3,Man,"[20,30)",2,16800
Vrouw,"[50,60)",3,Man,"[20,30)",3,29400
Vrouw,"[50,60)",3,Man,"[30,40)",1,2650
Vrouw,"[50,60)",3,Man,"[30,40)",2,12200
Vrouw,"[50,60)",3,Man,"[30,40)",3,62480
Vrouw,"[50,60)",3,Man,"[40,50)",1,6550
Vrouw,"[50,60)",3,Man,"[40,50)",2,16640
Vrouw,"[50,60)",3,Man,"[40,50)",3,42480
Vrouw,"[50,60)",3,Man,"[50,60)",1,9670
Vrouw,"[50,60)",3,Man,"[50,60)",2,21150
Vrouw,"[50,60)",3,Man,"[50,60)",3,50780
Vrouw,"[50,60)",3,Man,"[60,70)",1,3330
Vrouw,"[50,60)",3,Man,"[60,70)",2,9860
Vrouw,"[50,60)",3,Man,"[60,70)",3,27570
Vrouw,"[50,60)",3,Man,"[70,80)",1,110
Vrouw,"[50,60)",3,Man,"[70,80)",2,80
Vrouw,"[50,60)",3,Man,"[70,80)",3,130
Vrouw,"[50,60)",3,Vrouw,"[0,20)",1,2910
Vrouw,"[50,60)",3,Vrouw,"[0,20)",2,1680
Vrouw,"[50,60)",3,Vrouw,"[20,30)",1,1710
Vrouw,"[50,60)",3,Vrouw,"[20,30)",2,26780
Vrouw,"[50,60)",3,Vrouw,"[20,30)",3,63620
Vrouw,"[50,60)",3,Vrouw,"[30,40)",1,3520
Vrouw,"[50,60)",3,Vrouw,"[30,40)",2,22030
Vrouw,"[50,60)",3,Vrouw,"[30,40)",3,106430
Vrouw,"[50,60)",3,Vrouw,"[40,50)",1,7270
Vrouw,"[50,60)",3,Vrouw,"[40,50)",2,25090
Vrouw,"[50,60)",3,Vrouw,"[40,50)",3,71120
Vrouw,"[50,60)",3,Vrouw,"[50,60)",1,8570
Vrouw,"[50,60)",3,Vrouw,"[50,60)",2,33870
Vrouw,"[50,60)",3,Vrouw,"[50,60)",3,67390
Vrouw,"[50,60)",3,Vrouw,"[60,70)",1,4310
Vrouw,"[50,60)",3,Vrouw,"[60,70)",2,13020
Vrouw,"[50,60)",3,Vrouw,"[60,70)",3,35110
Vrouw,"[50,60)",3,Vrouw,"[70,80)",2,30
Vrouw,"[50,60)",3,Vrouw,"[70,80)",3,310
Vrouw,"[60,70)",1,Man,"[0,20)",1,1190
Vrouw,"[60,70)",1,Man,"[0,20)",2,240
Vrouw,"[60,70)",1,Man,"[20,30)",1,1170
Vrouw,"[60,70)",1,Man,"[20,30)",2,3850
Vrouw,"[60,70)",1,Man,"[20,30)",3,3140
Vrouw,"[60,70)",1,Man,"[30,40)",1,3640
Vrouw,"[60,70)",1,Man,"[30,40)",2,3720
Vrouw,"[60,70)",1,Man,"[30,40)",3,4850
Vrouw,"[60,70)",1,Man,"[40,50)",1,4410
Vrouw,"[60,70)",1,Man,"[40,50)",2,4400
Vrouw,"[60,70)",1,Man,"[40,50)",3,4390
Vrouw,"[60,70)",1,Man,"[50,60)",1,8220
Vrouw,"[60,70)",1,Man,"[50,60)",2,5550
Vrouw,"[60,70)",1,Man,"[50,60)",3,3380
Vrouw,"[60,70)",1,Man,"[60,70)",1,3150
Vrouw,"[60,70)",1,Man,"[60,70)",2,1870
Vrouw,"[60,70)",1,Man,"[60,70)",3,2080
Vrouw,"[60,70)",1,Man,"[70,80)",1,60
Vrouw,"[60,70)",1,Man,"[70,80)",2,130
Vrouw,"[60,70)",1,Vrouw,"[0,20)",1,1660
Vrouw,"[60,70)",1,Vrouw,"[0,20)",2,650
Vrouw,"[60,70)",1,Vrouw,"[20,30)",1,860
Vrouw,"[60,70)",1,Vrouw,"[20,30)",2,6970
Vrouw,"[60,70)",1,Vrouw,"[20,30)",3,6780
Vrouw,"[60,70)",1,Vrouw,"[30,40)",1,3190
Vrouw,"[60,70)",1,Vrouw,"[30,40)",2,5030
Vrouw,"[60,70)",1,Vrouw,"[30,40)",3,7950
Vrouw,"[60,70)",1,Vrouw,"[40,50)",1,4480
Vrouw,"[60,70)",1,Vrouw,"[40,50)",2,5940
Vrouw,"[60,70)",1,Vrouw,"[40,50)",3,4970
Vrouw,"[60,70)",1,Vrouw,"[50,60)",1,7890
Vrouw,"[60,70)",1,Vrouw,"[50,60)",2,8750
Vrouw,"[60,70)",1,Vrouw,"[50,60)",3,4260
Vrouw,"[60,70)",1,Vrouw,"[60,70)",1,3530
Vrouw,"[60,70)",1,Vrouw,"[60,70)",2,3340
Vrouw,"[60,70)",1,Vrouw,"[60,70)",3,1950
Vrouw,"[60,70)",1,Vrouw,"[70,80)",2,20
Vrouw,"[60,70)",1,Vrouw,"[70,80)",3,40
Vrouw,"[60,70)",2,Man,"[0,20)",1,660
Vrouw,"[60,70)",2,Man,"[0,20)",2,270
Vrouw,"[60,70)",2,Man,"[20,30)",1,800
Vrouw,"[60,70)",2,Man,"[20,30)",2,5080
Vrouw,"[60,70)",2,Man,"[20,30)",3,5620
Vrouw,"[60,70)",2,Man,"[30,40)",1,1780
Vrouw,"[60,70)",2,Man,"[30,40)",2,4840
Vrouw,"[60,70)",2,Man,"[30,40)",3,9400
Vrouw,"[60,70)",2,Man,"[40,50)",1,3310
Vrouw,"[60,70)",2,Man,"[40,50)",2,4340
Vrouw,"[60,70)",2,Man,"[40,50)",3,6730
Vrouw,"[60,70)",2,Man,"[50,60)",1,3700
Vrouw,"[60,70)",2,Man,"[50,60)",2,6300
Vrouw,"[60,70)",2,Man,"[50,60)",3,9100
Vrouw,"[60,70)",2,Man,"[60,70)",1,1960
Vrouw,"[60,70)",2,Man,"[60,70)",2,3140
Vrouw,"[60,70)",2,Man,"[60,70)",3,4660
Vrouw,"[60,70)",2,Man,"[70,80)",1,40
Vrouw,"[60,70)",2,Man,"[70,80)",2,20
Vrouw,"[60,70)",2,Man,"[70,80)",3,80
Vrouw,"[60,70)",2,Vrouw,"[0,20)",1,1960
Vrouw,"[60,70)",2,Vrouw,"[0,20)",2,820
Vrouw,"[60,70)",2,Vrouw,"[20,30)",1,1260
Vrouw,"[60,70)",2,Vrouw,"[20,30)",2,12690
Vrouw,"[60,70)",2,Vrouw,"[20,30)",3,14490
Vrouw,"[60,70)",2,Vrouw,"[30,40)",1,1700
Vrouw,"[60,70)",2,Vrouw,"[30,40)",2,9150
Vrouw,"[60,70)",2,Vrouw,"[30,40)",3,19660
Vrouw,"[60,70)",2,Vrouw,"[40,50)",1,3780
Vrouw,"[60,70)",2,Vrouw,"[40,50)",2,11560
Vrouw,"[60,70)",2,Vrouw,"[40,50)",3,12640
Vrouw,"[60,70)",2,Vrouw,"[50,60)",1,7270
Vrouw,"[60,70)",2,Vrouw,"[50,60)",2,16430
Vrouw,"[60,70)",2,Vrouw,"[50,60)",3,13000
Vrouw,"[60,70)",2,Vrouw,"[60,70)",1,3370
Vrouw,"[60,70)",2,Vrouw,"[60,70)",2,5940
Vrouw,"[60,70)",2,Vrouw,"[60,70)",3,6650
Vrouw,"[60,70)",2,Vrouw,"[70,80)",3,70
Vrouw,"[60,70)",3,Man,"[0,20)",1,820
Vrouw,"[60,70)",3,Man,"[0,20)",2,260
Vrouw,"[60,70)",3,Man,"[20,30)",1,580
Vrouw,"[60,70)",3,Man,"[20,30)",2,4930
Vrouw,"[60,70)",3,Man,"[20,30)",3,11320
Vrouw,"[60,70)",3,Man,"[30,40)",1,730
Vrouw,"[60,70)",3,Man,"[30,40)",2,4460
Vrouw,"[60,70)",3,Man,"[30,40)",3,21830
Vrouw,"[60,70)",3,Man,"[40,50)",1,1950
Vrouw,"[60,70)",3,Man,"[40,50)",2,5620
Vrouw,"[60,70)",3,Man,"[40,50)",3,17530
Vrouw,"[60,70)",3,Man,"[50,60)",1,3420
Vrouw,"[60,70)",3,Man,"[50,60)",2,7500
Vrouw,"[60,70)",3,Man,"[50,60)",3,23500
Vrouw,"[60,70)",3,Man,"[60,70)",1,2220
Vrouw,"[60,70)",3,Man,"[60,70)",2,4480
Vrouw,"[60,70)",3,Man,"[60,70)",3,14420
Vrouw,"[60,70)",3,Man,"[70,80)",1,270
Vrouw,"[60,70)",3,Man,"[70,80)",2,150
Vrouw,"[60,70)",3,Man,"[70,80)",3,700
Vrouw,"[60,70)",3,Vrouw,"[0,20)",1,920
Vrouw,"[60,70)",3,Vrouw,"[0,20)",2,550
Vrouw,"[60,70)",3,Vrouw,"[20,30)",1,490
Vrouw,"[60,70)",3,Vrouw,"[20,30)",2,10180
Vrouw,"[60,70)",3,Vrouw,"[20,30)",3,27520
Vrouw,"[60,70)",3,Vrouw,"[30,40)",1,1110
Vrouw,"[60,70)",3,Vrouw,"[30,40)",2,7580
Vrouw,"[60,70)",3,Vrouw,"[30,40)",3,46240
Vrouw,"[60,70)",3,Vrouw,"[40,50)",1,2680
Vrouw,"[60,70)",3,Vrouw,"[40,50)",2,9680
Vrouw,"[60,70)",3,Vrouw,"[40,50)",3,35280
Vrouw,"[60,70)",3,Vrouw,"[50,60)",1,3750
Vrouw,"[60,70)",3,Vrouw,"[50,60)",2,18380
Vrouw,"[60,70)",3,Vrouw,"[50,60)",3,34280
Vrouw,"[60,70)",3,Vrouw,"[60,70)",1,1800
Vrouw,"[60,70)",3,Vrouw,"[60,70)",2,6200
Vrouw,"[60,70)",3,Vrouw,"[60,70)",3,18330
Vrouw,"[60,70)",3,Vrouw,"[70,80)",2,70
Vrouw,"[60,70)",3,Vrouw,"[70,80)",3,160
Vrouw,"[70,80)",1,Man,"[20,30)",2,20
Vrouw,"[70,80)",1,Vrouw,"[20,30)",2,30
Vrouw,"[70,80)",1,Vrouw,"[30,40)",2,10
Vrouw,"[70,80)",1,Vrouw,"[50,60)",2,10
Vrouw,"[70,80)",2,Man,"[20,30)",2,280
Vrouw,"[70,80)",2,Man,"[20,30)",3,150
Vrouw,"[70,80)",2,Man,"[30,40)",3,30
Vrouw,"[70,80)",2,Man,"[40,50)",1,30
Vrouw,"[70,80)",2,Man,"[40,50)",3,20
Vrouw,"[70,80)",2,Man,"[50,60)",1,10
Vrouw,"[70,80)",2,Man,"[50,60)",3,40
Vrouw,"[70,80)",2,Man,"[60,70)",2,390
Vrouw,"[70,80)",2,Man,"[60,70)",3,80
Vrouw,"[70,80)",2,Man,"[70,80)",1,80
Vrouw,"[70,80)",2,Man,"[70,80)",2,260
Vrouw,"[70,80)",2,Man,"[70,80)",3,80
Vrouw,"[70,80)",2,Vrouw,"[20,30)",2,200
Vrouw,"[70,80)",2,Vrouw,"[20,30)",3,290
Vrouw,"[70,80)",2,Vrouw,"[30,40)",3,140
Vrouw,"[70,80)",2,Vrouw,"[40,50)",1,20
Vrouw,"[70,80)",2,Vrouw,"[40,50)",2,20
Vrouw,"[70,80)",2,Vrouw,"[40,50)",3,110
Vrouw,"[70,80)",2,Vrouw,"[50,60)",2,20
Vrouw,"[70,80)",2,Vrouw,"[50,60)",3,50
Vrouw,"[70,80)",2,Vrouw,"[60,70)",1,20
Vrouw,"[70,80)",2,Vrouw,"[60,70)",3,80
Vrouw,"[70,80)",2,Vrouw,"[70,80)",2,20
Vrouw,"[70,80)",2,Vrouw,"[70,80)",3,30
Vrouw,"[70,80)",3,Man,"[0,20)",1,10
Vrouw,"[70,80)",3,Man,"[20,30)",2,100
Vrouw,"[70,80)",3,Man,"[20,30)",3,100
Vrouw,"[70,80)",3,Man,"[30,40)",3,70
Vrouw,"[70,80)",3,Man,"[40,50)",2,20
Vrouw,"[70,80)",3,Man,"[40,50)",3,60
Vrouw,"[70,80)",3,Man,"[50,60)",1,20
Vrouw,"[70,80)",3,Man,"[50,60)",2,50
Vrouw,"[70,80)",3,Man,"[50,60)",3,110
Vrouw,"[70,80)",3,Man,"[60,70)",1,50
Vrouw,"[70,80)",3,Man,"[60,70)",2,70
Vrouw,"[70,80)",3,Man,"[60,70)",3,100
Vrouw,"[70,80)",3,Man,"[70,80)",1,40
Vrouw,"[70,80)",3,Man,"[70,80)",2,20
Vrouw,"[70,80)",3,Man,"[70,80)",3,30
Vrouw,"[70,80)",3,Vrouw,"[20,30)",2,390
Vrouw,"[70,80)",3,Vrouw,"[20,30)",3,240
Vrouw,"[70,80)",3,Vrouw,"[30,40)",2,160
Vrouw,"[70,80)",3,Vrouw,"[30,40)",3,310
Vrouw,"[70,80)",3,Vrouw,"[40,50)",2,110
Vrouw,"[70,80)",3,Vrouw,"[40,50)",3,180
Vrouw,"[70,80)",3,Vrouw,"[50,60)",2,230
Vrouw,"[70,80)",3,Vrouw,"[50,60)",3,260
Vrouw,"[70,80)",3,Vrouw,"[60,70)",1,40
Vrouw,"[70,80)",3,Vrouw,"[60,70)",2,90
Vrouw,"[70,80)",3,Vrouw,"[60,70)",3,200
