etngrp_src,geslacht_src,lft_src,etngrp_dst,geslacht_dst,lft_dst,n
Autochtoon,Man,"[0,20)",Autochtoon,Man,"[0,20)",15380
Autochtoon,Man,"[0,20)",Autochtoon,Man,"[20,30)",980
Autochtoon,Man,"[0,20)",Autochtoon,Man,"[30,40)",5140
Autochtoon,Man,"[0,20)",Autochtoon,Man,"[40,50)",8570
Autochtoon,Man,"[0,20)",Autochtoon,Man,"[50,60)",4650
Autochtoon,Man,"[0,20)",Autochtoon,Man,"[60,70)",630
Autochtoon,Man,"[0,20)",Autochtoon,Man,"[70,80)",50
Autochtoon,Man,"[0,20)",Autochtoon,Vrouw,"[0,20)",14500
Autochtoon,Man,"[0,20)",Autochtoon,Vrouw,"[20,30)",1330
Autochtoon,Man,"[0,20)",Autochtoon,Vrouw,"[30,40)",7630
Autochtoon,Man,"[0,20)",Autochtoon,Vrouw,"[40,50)",10540
Autochtoon,Man,"[0,20)",Autochtoon,Vrouw,"[50,60)",4140
Autochtoon,Man,"[0,20)",Autochtoon,Vrouw,"[60,70)",230
Autochtoon,Man,"[0,20)",Marokkaans,Man,"[0,20)",40
Autochtoon,Man,"[0,20)",Marokkaans,Man,"[20,30)",150
Autochtoon,Man,"[0,20)",Marokkaans,Man,"[30,40)",760
Autochtoon,Man,"[0,20)",Marokkaans,Man,"[40,50)",190
Autochtoon,Man,"[0,20)",Marokkaans,Man,"[50,60)",10
Autochtoon,Man,"[0,20)",Marokkaans,Vrouw,"[0,20)",40
Autochtoon,Man,"[0,20)",Marokkaans,Vrouw,"[20,30)",420
Autochtoon,Man,"[0,20)",Marokkaans,Vrouw,"[30,40)",1010
Autochtoon,Man,"[0,20)",Marokkaans,Vrouw,"[40,50)",100
Autochtoon,Man,"[0,20)",Marokkaans,Vrouw,"[50,60)",10
Autochtoon,Man,"[0,20)",Overig,Man,"[0,20)",170
Autochtoon,Man,"[0,20)",Overig,Man,"[20,30)",140
Autochtoon,Man,"[0,20)",Overig,Man,"[30,40)",1050
Autochtoon,Man,"[0,20)",Overig,Man,"[40,50)",1370
Autochtoon,Man,"[0,20)",Overig,Man,"[50,60)",710
Autochtoon,Man,"[0,20)",Overig,Man,"[60,70)",80
Autochtoon,Man,"[0,20)",Overig,Vrouw,"[0,20)",180
Autochtoon,Man,"[0,20)",Overig,Vrouw,"[20,30)",330
Autochtoon,Man,"[0,20)",Overig,Vrouw,"[30,40)",1860
Autochtoon,Man,"[0,20)",Overig,Vrouw,"[40,50)",1810
Autochtoon,Man,"[0,20)",Overig,Vrouw,"[50,60)",840
Autochtoon,Man,"[0,20)",Overig,Vrouw,"[60,70)",80
Autochtoon,Man,"[0,20)",Surinaams,Man,"[0,20)",160
Autochtoon,Man,"[0,20)",Surinaams,Man,"[20,30)",190
Autochtoon,Man,"[0,20)",Surinaams,Man,"[30,40)",480
Autochtoon,Man,"[0,20)",Surinaams,Man,"[40,50)",290
Autochtoon,Man,"[0,20)",Surinaams,Man,"[50,60)",70
Autochtoon,Man,"[0,20)",Surinaams,Vrouw,"[0,20)",120
Autochtoon,Man,"[0,20)",Surinaams,Vrouw,"[20,30)",610
Autochtoon,Man,"[0,20)",Surinaams,Vrouw,"[30,40)",1490
Autochtoon,Man,"[0,20)",Surinaams,Vrouw,"[40,50)",570
Autochtoon,Man,"[0,20)",Surinaams,Vrouw,"[50,60)",250
Autochtoon,Man,"[0,20)",Surinaams,Vrouw,"[60,70)",60
Autochtoon,Man,"[0,20)",Turks,Man,"[0,20)",20
Autochtoon,Man,"[0,20)",Turks,Man,"[20,30)",120
Autochtoon,Man,"[0,20)",Turks,Man,"[30,40)",550
Autochtoon,Man,"[0,20)",Turks,Man,"[40,50)",90
Autochtoon,Man,"[0,20)",Turks,Man,"[50,60)",10
Autochtoon,Man,"[0,20)",Turks,Vrouw,"[0,20)",30
Autochtoon,Man,"[0,20)",Turks,Vrouw,"[20,30)",210
Autochtoon,Man,"[0,20)",Turks,Vrouw,"[30,40)",580
Autochtoon,Man,"[0,20)",Turks,Vrouw,"[40,50)",80
Autochtoon,Man,"[0,20)",Turks,Vrouw,"[50,60)",10
Autochtoon,Man,"[20,30)",Autochtoon,Man,"[0,20)",980
Autochtoon,Man,"[20,30)",Autochtoon,Man,"[20,30)",7710
Autochtoon,Man,"[20,30)",Autochtoon,Man,"[30,40)",970
Autochtoon,Man,"[20,30)",Autochtoon,Man,"[40,50)",270
Autochtoon,Man,"[20,30)",Autochtoon,Man,"[50,60)",1780
Autochtoon,Man,"[20,30)",Autochtoon,Man,"[60,70)",1430
Autochtoon,Man,"[20,30)",Autochtoon,Vrouw,"[0,20)",950
Autochtoon,Man,"[20,30)",Autochtoon,Vrouw,"[20,30)",10150
Autochtoon,Man,"[20,30)",Autochtoon,Vrouw,"[30,40)",1460
Autochtoon,Man,"[20,30)",Autochtoon,Vrouw,"[40,50)",470
Autochtoon,Man,"[20,30)",Autochtoon,Vrouw,"[50,60)",2970
Autochtoon,Man,"[20,30)",Autochtoon,Vrouw,"[60,70)",830
Autochtoon,Man,"[20,30)",Marokkaans,Man,"[20,30)",20
Autochtoon,Man,"[20,30)",Marokkaans,Vrouw,"[20,30)",40
Autochtoon,Man,"[20,30)",Overig,Man,"[0,20)",80
Autochtoon,Man,"[20,30)",Overig,Man,"[20,30)",1130
Autochtoon,Man,"[20,30)",Overig,Man,"[30,40)",170
Autochtoon,Man,"[20,30)",Overig,Man,"[40,50)",20
Autochtoon,Man,"[20,30)",Overig,Man,"[50,60)",180
Autochtoon,Man,"[20,30)",Overig,Man,"[60,70)",100
Autochtoon,Man,"[20,30)",Overig,Vrouw,"[0,20)",60
Autochtoon,Man,"[20,30)",Overig,Vrouw,"[20,30)",5630
Autochtoon,Man,"[20,30)",Overig,Vrouw,"[30,40)",410
Autochtoon,Man,"[20,30)",Overig,Vrouw,"[40,50)",80
Autochtoon,Man,"[20,30)",Overig,Vrouw,"[50,60)",340
Autochtoon,Man,"[20,30)",Overig,Vrouw,"[60,70)",70
Autochtoon,Man,"[20,30)",Surinaams,Man,"[0,20)",20
Autochtoon,Man,"[20,30)",Surinaams,Man,"[20,30)",80
Autochtoon,Man,"[20,30)",Surinaams,Man,"[30,40)",10
Autochtoon,Man,"[20,30)",Surinaams,Vrouw,"[0,20)",10
Autochtoon,Man,"[20,30)",Surinaams,Vrouw,"[20,30)",210
Autochtoon,Man,"[20,30)",Surinaams,Vrouw,"[30,40)",20
Autochtoon,Man,"[20,30)",Surinaams,Vrouw,"[40,50)",50
Autochtoon,Man,"[20,30)",Surinaams,Vrouw,"[50,60)",10
Autochtoon,Man,"[20,30)",Turks,Man,"[20,30)",10
Autochtoon,Man,"[20,30)",Turks,Vrouw,"[20,30)",40
Autochtoon,Man,"[30,40)",Autochtoon,Man,"[0,20)",5140
Autochtoon,Man,"[30,40)",Autochtoon,Man,"[20,30)",970
Autochtoon,Man,"[30,40)",Autochtoon,Man,"[30,40)",1550
Autochtoon,Man,"[30,40)",Autochtoon,Man,"[40,50)",250
Autochtoon,Man,"[30,40)",Autochtoon,Man,"[50,60)",110
Autochtoon,Man,"[30,40)",Autochtoon,Man,"[60,70)",600
Autochtoon,Man,"[30,40)",Autochtoon,Man,"[70,80)",50
Autochtoon,Man,"[30,40)",Autochtoon,Vrouw,"[0,20)",4720
Autochtoon,Man,"[30,40)",Autochtoon,Vrouw,"[20,30)",6410
Autochtoon,Man,"[30,40)",Autochtoon,Vrouw,"[30,40)",22420
Autochtoon,Man,"[30,40)",Autochtoon,Vrouw,"[40,50)",1370
Autochtoon,Man,"[30,40)",Autochtoon,Vrouw,"[50,60)",380
Autochtoon,Man,"[30,40)",Autochtoon,Vrouw,"[60,70)",890
Autochtoon,Man,"[30,40)",Marokkaans,Vrouw,"[20,30)",20
Autochtoon,Man,"[30,40)",Marokkaans,Vrouw,"[30,40)",130
Autochtoon,Man,"[30,40)",Overig,Man,"[0,20)",990
Autochtoon,Man,"[30,40)",Overig,Man,"[20,30)",180
Autochtoon,Man,"[30,40)",Overig,Man,"[30,40)",480
Autochtoon,Man,"[30,40)",Overig,Man,"[40,50)",110
Autochtoon,Man,"[30,40)",Overig,Man,"[60,70)",10
Autochtoon,Man,"[30,40)",Overig,Vrouw,"[0,20)",1030
Autochtoon,Man,"[30,40)",Overig,Vrouw,"[20,30)",3250
Autochtoon,Man,"[30,40)",Overig,Vrouw,"[30,40)",11050
Autochtoon,Man,"[30,40)",Overig,Vrouw,"[40,50)",1840
Autochtoon,Man,"[30,40)",Overig,Vrouw,"[50,60)",40
Autochtoon,Man,"[30,40)",Overig,Vrouw,"[60,70)",40
Autochtoon,Man,"[30,40)",Surinaams,Man,"[0,20)",40
Autochtoon,Man,"[30,40)",Surinaams,Man,"[20,30)",10
Autochtoon,Man,"[30,40)",Surinaams,Man,"[30,40)",20
Autochtoon,Man,"[30,40)",Surinaams,Vrouw,"[0,20)",20
Autochtoon,Man,"[30,40)",Surinaams,Vrouw,"[20,30)",140
Autochtoon,Man,"[30,40)",Surinaams,Vrouw,"[30,40)",480
Autochtoon,Man,"[30,40)",Surinaams,Vrouw,"[40,50)",20
Autochtoon,Man,"[30,40)",Turks,Man,"[0,20)",20
Autochtoon,Man,"[30,40)",Turks,Vrouw,"[0,20)",20
Autochtoon,Man,"[30,40)",Turks,Vrouw,"[20,30)",10
Autochtoon,Man,"[30,40)",Turks,Vrouw,"[30,40)",120
Autochtoon,Man,"[40,50)",Autochtoon,Man,"[0,20)",8570
Autochtoon,Man,"[40,50)",Autochtoon,Man,"[20,30)",270
Autochtoon,Man,"[40,50)",Autochtoon,Man,"[30,40)",250
Autochtoon,Man,"[40,50)",Autochtoon,Man,"[40,50)",710
Autochtoon,Man,"[40,50)",Autochtoon,Man,"[50,60)",340
Autochtoon,Man,"[40,50)",Autochtoon,Man,"[60,70)",20
Autochtoon,Man,"[40,50)",Autochtoon,Vrouw,"[0,20)",8030
Autochtoon,Man,"[40,50)",Autochtoon,Vrouw,"[20,30)",420
Autochtoon,Man,"[40,50)",Autochtoon,Vrouw,"[30,40)",9360
Autochtoon,Man,"[40,50)",Autochtoon,Vrouw,"[40,50)",21370
Autochtoon,Man,"[40,50)",Autochtoon,Vrouw,"[50,60)",4020
Autochtoon,Man,"[40,50)",Autochtoon,Vrouw,"[60,70)",150
Autochtoon,Man,"[40,50)",Marokkaans,Man,"[0,20)",10
Autochtoon,Man,"[40,50)",Marokkaans,Man,"[30,40)",10
Autochtoon,Man,"[40,50)",Marokkaans,Vrouw,"[0,20)",10
Autochtoon,Man,"[40,50)",Marokkaans,Vrouw,"[30,40)",40
Autochtoon,Man,"[40,50)",Marokkaans,Vrouw,"[40,50)",40
Autochtoon,Man,"[40,50)",Overig,Man,"[0,20)",1840
Autochtoon,Man,"[40,50)",Overig,Man,"[20,30)",50
Autochtoon,Man,"[40,50)",Overig,Man,"[30,40)",270
Autochtoon,Man,"[40,50)",Overig,Man,"[40,50)",800
Autochtoon,Man,"[40,50)",Overig,Man,"[50,60)",130
Autochtoon,Man,"[40,50)",Overig,Vrouw,"[0,20)",1860
Autochtoon,Man,"[40,50)",Overig,Vrouw,"[20,30)",1740
Autochtoon,Man,"[40,50)",Overig,Vrouw,"[30,40)",4410
Autochtoon,Man,"[40,50)",Overig,Vrouw,"[40,50)",6460
Autochtoon,Man,"[40,50)",Overig,Vrouw,"[50,60)",670
Autochtoon,Man,"[40,50)",Overig,Vrouw,"[60,70)",50
Autochtoon,Man,"[40,50)",Surinaams,Man,"[0,20)",80
Autochtoon,Man,"[40,50)",Surinaams,Man,"[30,40)",10
Autochtoon,Man,"[40,50)",Surinaams,Man,"[40,50)",10
Autochtoon,Man,"[40,50)",Surinaams,Vrouw,"[0,20)",90
Autochtoon,Man,"[40,50)",Surinaams,Vrouw,"[30,40)",120
Autochtoon,Man,"[40,50)",Surinaams,Vrouw,"[40,50)",550
Autochtoon,Man,"[40,50)",Surinaams,Vrouw,"[50,60)",20
Autochtoon,Man,"[40,50)",Turks,Man,"[0,20)",190
Autochtoon,Man,"[40,50)",Turks,Vrouw,"[0,20)",20
Autochtoon,Man,"[40,50)",Turks,Vrouw,"[30,40)",30
Autochtoon,Man,"[40,50)",Turks,Vrouw,"[40,50)",80
Autochtoon,Man,"[50,60)",Autochtoon,Man,"[0,20)",4650
Autochtoon,Man,"[50,60)",Autochtoon,Man,"[20,30)",1780
Autochtoon,Man,"[50,60)",Autochtoon,Man,"[30,40)",110
Autochtoon,Man,"[50,60)",Autochtoon,Man,"[40,50)",340
Autochtoon,Man,"[50,60)",Autochtoon,Man,"[50,60)",4440
Autochtoon,Man,"[50,60)",Autochtoon,Man,"[60,70)",570
Autochtoon,Man,"[50,60)",Autochtoon,Vrouw,"[0,20)",4380
Autochtoon,Man,"[50,60)",Autochtoon,Vrouw,"[20,30)",1660
Autochtoon,Man,"[50,60)",Autochtoon,Vrouw,"[30,40)",410
Autochtoon,Man,"[50,60)",Autochtoon,Vrouw,"[40,50)",20320
Autochtoon,Man,"[50,60)",Autochtoon,Vrouw,"[50,60)",49550
Autochtoon,Man,"[50,60)",Autochtoon,Vrouw,"[60,70)",3450
Autochtoon,Man,"[50,60)",Autochtoon,Vrouw,"[70,80)",90
Autochtoon,Man,"[50,60)",Overig,Man,"[0,20)",2140
Autochtoon,Man,"[50,60)",Overig,Man,"[20,30)",260
Autochtoon,Man,"[50,60)",Overig,Man,"[30,40)",250
Autochtoon,Man,"[50,60)",Overig,Man,"[40,50)",190
Autochtoon,Man,"[50,60)",Overig,Man,"[50,60)",2990
Autochtoon,Man,"[50,60)",Overig,Man,"[60,70)",760
Autochtoon,Man,"[50,60)",Overig,Vrouw,"[0,20)",1140
Autochtoon,Man,"[50,60)",Overig,Vrouw,"[20,30)",280
Autochtoon,Man,"[50,60)",Overig,Vrouw,"[30,40)",960
Autochtoon,Man,"[50,60)",Overig,Vrouw,"[40,50)",7990
Autochtoon,Man,"[50,60)",Overig,Vrouw,"[50,60)",9720
Autochtoon,Man,"[50,60)",Overig,Vrouw,"[60,70)",1270
Autochtoon,Man,"[50,60)",Surinaams,Man,"[0,20)",70
Autochtoon,Man,"[50,60)",Surinaams,Man,"[20,30)",40
Autochtoon,Man,"[50,60)",Surinaams,Vrouw,"[0,20)",60
Autochtoon,Man,"[50,60)",Surinaams,Vrouw,"[40,50)",560
Autochtoon,Man,"[50,60)",Surinaams,Vrouw,"[50,60)",2500
Autochtoon,Man,"[50,60)",Turks,Man,"[0,20)",10
Autochtoon,Man,"[50,60)",Turks,Vrouw,"[40,50)",10
Autochtoon,Man,"[60,70)",Autochtoon,Man,"[0,20)",630
Autochtoon,Man,"[60,70)",Autochtoon,Man,"[20,30)",1430
Autochtoon,Man,"[60,70)",Autochtoon,Man,"[30,40)",600
Autochtoon,Man,"[60,70)",Autochtoon,Man,"[40,50)",20
Autochtoon,Man,"[60,70)",Autochtoon,Man,"[50,60)",570
Autochtoon,Man,"[60,70)",Autochtoon,Man,"[60,70)",2330
Autochtoon,Man,"[60,70)",Autochtoon,Vrouw,"[0,20)",620
Autochtoon,Man,"[60,70)",Autochtoon,Vrouw,"[20,30)",920
Autochtoon,Man,"[60,70)",Autochtoon,Vrouw,"[30,40)",170
Autochtoon,Man,"[60,70)",Autochtoon,Vrouw,"[40,50)",390
Autochtoon,Man,"[60,70)",Autochtoon,Vrouw,"[50,60)",19680
Autochtoon,Man,"[60,70)",Autochtoon,Vrouw,"[60,70)",62790
Autochtoon,Man,"[60,70)",Autochtoon,Vrouw,"[70,80)",13370
Autochtoon,Man,"[60,70)",Overig,Man,"[0,20)",170
Autochtoon,Man,"[60,70)",Overig,Man,"[20,30)",130
Autochtoon,Man,"[60,70)",Overig,Man,"[30,40)",30
Autochtoon,Man,"[60,70)",Overig,Man,"[50,60)",940
Autochtoon,Man,"[60,70)",Overig,Man,"[60,70)",460
Autochtoon,Man,"[60,70)",Overig,Vrouw,"[0,20)",200
Autochtoon,Man,"[60,70)",Overig,Vrouw,"[20,30)",3110
Autochtoon,Man,"[60,70)",Overig,Vrouw,"[30,40)",50
Autochtoon,Man,"[60,70)",Overig,Vrouw,"[40,50)",1120
Autochtoon,Man,"[60,70)",Overig,Vrouw,"[50,60)",9990
Autochtoon,Man,"[60,70)",Overig,Vrouw,"[60,70)",15450
Autochtoon,Man,"[60,70)",Overig,Vrouw,"[70,80)",7250
Autochtoon,Man,"[60,70)",Surinaams,Vrouw,"[50,60)",150
Autochtoon,Man,"[60,70)",Surinaams,Vrouw,"[60,70)",310
Autochtoon,Man,"[70,80)",Autochtoon,Man,"[0,20)",50
Autochtoon,Man,"[70,80)",Autochtoon,Man,"[30,40)",50
Autochtoon,Man,"[70,80)",Autochtoon,Man,"[70,80)",6920
Autochtoon,Man,"[70,80)",Autochtoon,Vrouw,"[0,20)",50
Autochtoon,Man,"[70,80)",Autochtoon,Vrouw,"[30,40)",30
Autochtoon,Man,"[70,80)",Autochtoon,Vrouw,"[50,60)",2760
Autochtoon,Man,"[70,80)",Autochtoon,Vrouw,"[60,70)",41100
Autochtoon,Man,"[70,80)",Autochtoon,Vrouw,"[70,80)",150450
Autochtoon,Man,"[70,80)",Overig,Vrouw,"[50,60)",1340
Autochtoon,Man,"[70,80)",Overig,Vrouw,"[60,70)",10210
Autochtoon,Man,"[70,80)",Overig,Vrouw,"[70,80)",49920
Autochtoon,Man,"[80,120]",Autochtoon,Vrouw,"[70,80)",80250
Autochtoon,Man,"[80,120]",Autochtoon,Vrouw,"[80,120]",120700
Autochtoon,Vrouw,"[0,20)",Autochtoon,Man,"[0,20)",14500
Autochtoon,Vrouw,"[0,20)",Autochtoon,Man,"[20,30)",950
Autochtoon,Vrouw,"[0,20)",Autochtoon,Man,"[30,40)",4720
Autochtoon,Vrouw,"[0,20)",Autochtoon,Man,"[40,50)",8030
Autochtoon,Vrouw,"[0,20)",Autochtoon,Man,"[50,60)",4380
Autochtoon,Vrouw,"[0,20)",Autochtoon,Man,"[60,70)",620
Autochtoon,Vrouw,"[0,20)",Autochtoon,Man,"[70,80)",50
Autochtoon,Vrouw,"[0,20)",Autochtoon,Vrouw,"[0,20)",13990
Autochtoon,Vrouw,"[0,20)",Autochtoon,Vrouw,"[20,30)",1350
Autochtoon,Vrouw,"[0,20)",Autochtoon,Vrouw,"[30,40)",7280
Autochtoon,Vrouw,"[0,20)",Autochtoon,Vrouw,"[40,50)",9620
Autochtoon,Vrouw,"[0,20)",Autochtoon,Vrouw,"[50,60)",3860
Autochtoon,Vrouw,"[0,20)",Autochtoon,Vrouw,"[60,70)",160
Autochtoon,Vrouw,"[0,20)",Marokkaans,Man,"[0,20)",60
Autochtoon,Vrouw,"[0,20)",Marokkaans,Man,"[20,30)",150
Autochtoon,Vrouw,"[0,20)",Marokkaans,Man,"[30,40)",680
Autochtoon,Vrouw,"[0,20)",Marokkaans,Man,"[40,50)",160
Autochtoon,Vrouw,"[0,20)",Marokkaans,Man,"[50,60)",10
Autochtoon,Vrouw,"[0,20)",Marokkaans,Vrouw,"[0,20)",40
Autochtoon,Vrouw,"[0,20)",Marokkaans,Vrouw,"[20,30)",410
Autochtoon,Vrouw,"[0,20)",Marokkaans,Vrouw,"[30,40)",950
Autochtoon,Vrouw,"[0,20)",Marokkaans,Vrouw,"[40,50)",110
Autochtoon,Vrouw,"[0,20)",Marokkaans,Vrouw,"[50,60)",10
Autochtoon,Vrouw,"[0,20)",Overig,Man,"[0,20)",170
Autochtoon,Vrouw,"[0,20)",Overig,Man,"[20,30)",90
Autochtoon,Vrouw,"[0,20)",Overig,Man,"[30,40)",960
Autochtoon,Vrouw,"[0,20)",Overig,Man,"[40,50)",1280
Autochtoon,Vrouw,"[0,20)",Overig,Man,"[50,60)",540
Autochtoon,Vrouw,"[0,20)",Overig,Man,"[60,70)",70
Autochtoon,Vrouw,"[0,20)",Overig,Vrouw,"[0,20)",160
Autochtoon,Vrouw,"[0,20)",Overig,Vrouw,"[20,30)",360
Autochtoon,Vrouw,"[0,20)",Overig,Vrouw,"[30,40)",1910
Autochtoon,Vrouw,"[0,20)",Overig,Vrouw,"[40,50)",1560
Autochtoon,Vrouw,"[0,20)",Overig,Vrouw,"[50,60)",700
Autochtoon,Vrouw,"[0,20)",Overig,Vrouw,"[60,70)",100
Autochtoon,Vrouw,"[0,20)",Surinaams,Man,"[0,20)",190
Autochtoon,Vrouw,"[0,20)",Surinaams,Man,"[20,30)",170
Autochtoon,Vrouw,"[0,20)",Surinaams,Man,"[30,40)",520
Autochtoon,Vrouw,"[0,20)",Surinaams,Man,"[40,50)",310
Autochtoon,Vrouw,"[0,20)",Surinaams,Man,"[50,60)",80
Autochtoon,Vrouw,"[0,20)",Surinaams,Man,"[60,70)",10
Autochtoon,Vrouw,"[0,20)",Surinaams,Vrouw,"[0,20)",200
Autochtoon,Vrouw,"[0,20)",Surinaams,Vrouw,"[20,30)",610
Autochtoon,Vrouw,"[0,20)",Surinaams,Vrouw,"[30,40)",1310
Autochtoon,Vrouw,"[0,20)",Surinaams,Vrouw,"[40,50)",590
Autochtoon,Vrouw,"[0,20)",Surinaams,Vrouw,"[50,60)",220
Autochtoon,Vrouw,"[0,20)",Surinaams,Vrouw,"[60,70)",90
Autochtoon,Vrouw,"[0,20)",Turks,Man,"[0,20)",20
Autochtoon,Vrouw,"[0,20)",Turks,Man,"[20,30)",120
Autochtoon,Vrouw,"[0,20)",Turks,Man,"[30,40)",420
Autochtoon,Vrouw,"[0,20)",Turks,Man,"[40,50)",120
Autochtoon,Vrouw,"[0,20)",Turks,Man,"[50,60)",10
Autochtoon,Vrouw,"[0,20)",Turks,Vrouw,"[0,20)",20
Autochtoon,Vrouw,"[0,20)",Turks,Vrouw,"[20,30)",220
Autochtoon,Vrouw,"[0,20)",Turks,Vrouw,"[30,40)",550
Autochtoon,Vrouw,"[0,20)",Turks,Vrouw,"[40,50)",50
Autochtoon,Vrouw,"[0,20)",Turks,Vrouw,"[50,60)",10
Autochtoon,Vrouw,"[20,30)",Autochtoon,Man,"[0,20)",1330
Autochtoon,Vrouw,"[20,30)",Autochtoon,Man,"[20,30)",10150
Autochtoon,Vrouw,"[20,30)",Autochtoon,Man,"[30,40)",6410
Autochtoon,Vrouw,"[20,30)",Autochtoon,Man,"[40,50)",420
Autochtoon,Vrouw,"[20,30)",Autochtoon,Man,"[50,60)",1660
Autochtoon,Vrouw,"[20,30)",Autochtoon,Man,"[60,70)",920
Autochtoon,Vrouw,"[20,30)",Autochtoon,Vrouw,"[0,20)",1350
Autochtoon,Vrouw,"[20,30)",Autochtoon,Vrouw,"[20,30)",8780
Autochtoon,Vrouw,"[20,30)",Autochtoon,Vrouw,"[30,40)",640
Autochtoon,Vrouw,"[20,30)",Autochtoon,Vrouw,"[40,50)",470
Autochtoon,Vrouw,"[20,30)",Autochtoon,Vrouw,"[50,60)",2460
Autochtoon,Vrouw,"[20,30)",Autochtoon,Vrouw,"[60,70)",600
Autochtoon,Vrouw,"[20,30)",Marokkaans,Man,"[20,30)",100
Autochtoon,Vrouw,"[20,30)",Marokkaans,Man,"[30,40)",30
Autochtoon,Vrouw,"[20,30)",Marokkaans,Vrouw,"[0,20)",10
Autochtoon,Vrouw,"[20,30)",Marokkaans,Vrouw,"[20,30)",10
Autochtoon,Vrouw,"[20,30)",Overig,Man,"[0,20)",120
Autochtoon,Vrouw,"[20,30)",Overig,Man,"[20,30)",3080
Autochtoon,Vrouw,"[20,30)",Overig,Man,"[30,40)",1710
Autochtoon,Vrouw,"[20,30)",Overig,Man,"[40,50)",80
Autochtoon,Vrouw,"[20,30)",Overig,Man,"[50,60)",120
Autochtoon,Vrouw,"[20,30)",Overig,Man,"[60,70)",90
Autochtoon,Vrouw,"[20,30)",Overig,Vrouw,"[0,20)",120
Autochtoon,Vrouw,"[20,30)",Overig,Vrouw,"[20,30)",1600
Autochtoon,Vrouw,"[20,30)",Overig,Vrouw,"[30,40)",140
Autochtoon,Vrouw,"[20,30)",Overig,Vrouw,"[40,50)",80
Autochtoon,Vrouw,"[20,30)",Overig,Vrouw,"[50,60)",330
Autochtoon,Vrouw,"[20,30)",Overig,Vrouw,"[60,70)",110
Autochtoon,Vrouw,"[20,30)",Surinaams,Man,"[0,20)",30
Autochtoon,Vrouw,"[20,30)",Surinaams,Man,"[20,30)",250
Autochtoon,Vrouw,"[20,30)",Surinaams,Man,"[30,40)",220
Autochtoon,Vrouw,"[20,30)",Surinaams,Vrouw,"[0,20)",20
Autochtoon,Vrouw,"[20,30)",Surinaams,Vrouw,"[20,30)",70
Autochtoon,Vrouw,"[20,30)",Surinaams,Vrouw,"[40,50)",70
Autochtoon,Vrouw,"[20,30)",Turks,Man,"[20,30)",60
Autochtoon,Vrouw,"[20,30)",Turks,Man,"[30,40)",30
Autochtoon,Vrouw,"[20,30)",Turks,Vrouw,"[20,30)",20
Autochtoon,Vrouw,"[30,40)",Autochtoon,Man,"[0,20)",7630
Autochtoon,Vrouw,"[30,40)",Autochtoon,Man,"[20,30)",1460
Autochtoon,Vrouw,"[30,40)",Autochtoon,Man,"[30,40)",22420
Autochtoon,Vrouw,"[30,40)",Autochtoon,Man,"[40,50)",9360
Autochtoon,Vrouw,"[30,40)",Autochtoon,Man,"[50,60)",410
Autochtoon,Vrouw,"[30,40)",Autochtoon,Man,"[60,70)",170
Autochtoon,Vrouw,"[30,40)",Autochtoon,Man,"[70,80)",30
Autochtoon,Vrouw,"[30,40)",Autochtoon,Vrouw,"[0,20)",7280
Autochtoon,Vrouw,"[30,40)",Autochtoon,Vrouw,"[20,30)",640
Autochtoon,Vrouw,"[30,40)",Autochtoon,Vrouw,"[30,40)",1280
Autochtoon,Vrouw,"[30,40)",Autochtoon,Vrouw,"[40,50)",160
Autochtoon,Vrouw,"[30,40)",Autochtoon,Vrouw,"[50,60)",150
Autochtoon,Vrouw,"[30,40)",Autochtoon,Vrouw,"[60,70)",320
Autochtoon,Vrouw,"[30,40)",Marokkaans,Man,"[0,20)",90
Autochtoon,Vrouw,"[30,40)",Marokkaans,Man,"[30,40)",190
Autochtoon,Vrouw,"[30,40)",Marokkaans,Man,"[40,50)",40
Autochtoon,Vrouw,"[30,40)",Marokkaans,Vrouw,"[0,20)",70
Autochtoon,Vrouw,"[30,40)",Overig,Man,"[0,20)",1240
Autochtoon,Vrouw,"[30,40)",Overig,Man,"[20,30)",320
Autochtoon,Vrouw,"[30,40)",Overig,Man,"[30,40)",5190
Autochtoon,Vrouw,"[30,40)",Overig,Man,"[40,50)",4750
Autochtoon,Vrouw,"[30,40)",Overig,Man,"[50,60)",110
Autochtoon,Vrouw,"[30,40)",Overig,Vrouw,"[0,20)",1090
Autochtoon,Vrouw,"[30,40)",Overig,Vrouw,"[20,30)",140
Autochtoon,Vrouw,"[30,40)",Overig,Vrouw,"[30,40)",1200
Autochtoon,Vrouw,"[30,40)",Overig,Vrouw,"[40,50)",40
Autochtoon,Vrouw,"[30,40)",Overig,Vrouw,"[50,60)",10
Autochtoon,Vrouw,"[30,40)",Surinaams,Man,"[0,20)",130
Autochtoon,Vrouw,"[30,40)",Surinaams,Man,"[20,30)",20
Autochtoon,Vrouw,"[30,40)",Surinaams,Man,"[30,40)",450
Autochtoon,Vrouw,"[30,40)",Surinaams,Man,"[40,50)",170
Autochtoon,Vrouw,"[30,40)",Surinaams,Vrouw,"[0,20)",130
Autochtoon,Vrouw,"[30,40)",Turks,Man,"[30,40)",90
Autochtoon,Vrouw,"[30,40)",Turks,Man,"[40,50)",20
Autochtoon,Vrouw,"[30,40)",Turks,Vrouw,"[0,20)",20
Autochtoon,Vrouw,"[40,50)",Autochtoon,Man,"[0,20)",10540
Autochtoon,Vrouw,"[40,50)",Autochtoon,Man,"[20,30)",470
Autochtoon,Vrouw,"[40,50)",Autochtoon,Man,"[30,40)",1370
Autochtoon,Vrouw,"[40,50)",Autochtoon,Man,"[40,50)",21370
Autochtoon,Vrouw,"[40,50)",Autochtoon,Man,"[50,60)",20320
Autochtoon,Vrouw,"[40,50)",Autochtoon,Man,"[60,70)",390
Autochtoon,Vrouw,"[40,50)",Autochtoon,Vrouw,"[0,20)",9620
Autochtoon,Vrouw,"[40,50)",Autochtoon,Vrouw,"[20,30)",470
Autochtoon,Vrouw,"[40,50)",Autochtoon,Vrouw,"[30,40)",160
Autochtoon,Vrouw,"[40,50)",Autochtoon,Vrouw,"[40,50)",1000
Autochtoon,Vrouw,"[40,50)",Autochtoon,Vrouw,"[50,60)",160
Autochtoon,Vrouw,"[40,50)",Marokkaans,Man,"[0,20)",90
Autochtoon,Vrouw,"[40,50)",Marokkaans,Man,"[40,50)",90
Autochtoon,Vrouw,"[40,50)",Marokkaans,Vrouw,"[0,20)",100
Autochtoon,Vrouw,"[40,50)",Overig,Man,"[0,20)",1690
Autochtoon,Vrouw,"[40,50)",Overig,Man,"[20,30)",80
Autochtoon,Vrouw,"[40,50)",Overig,Man,"[30,40)",620
Autochtoon,Vrouw,"[40,50)",Overig,Man,"[40,50)",4650
Autochtoon,Vrouw,"[40,50)",Overig,Man,"[50,60)",2820
Autochtoon,Vrouw,"[40,50)",Overig,Man,"[60,70)",160
Autochtoon,Vrouw,"[40,50)",Overig,Vrouw,"[0,20)",1640
Autochtoon,Vrouw,"[40,50)",Overig,Vrouw,"[20,30)",80
Autochtoon,Vrouw,"[40,50)",Overig,Vrouw,"[30,40)",130
Autochtoon,Vrouw,"[40,50)",Overig,Vrouw,"[40,50)",80
Autochtoon,Vrouw,"[40,50)",Overig,Vrouw,"[50,60)",10
Autochtoon,Vrouw,"[40,50)",Surinaams,Man,"[0,20)",220
Autochtoon,Vrouw,"[40,50)",Surinaams,Man,"[20,30)",40
Autochtoon,Vrouw,"[40,50)",Surinaams,Man,"[30,40)",10
Autochtoon,Vrouw,"[40,50)",Surinaams,Man,"[40,50)",610
Autochtoon,Vrouw,"[40,50)",Surinaams,Man,"[50,60)",210
Autochtoon,Vrouw,"[40,50)",Surinaams,Man,"[60,70)",40
Autochtoon,Vrouw,"[40,50)",Surinaams,Vrouw,"[0,20)",170
Autochtoon,Vrouw,"[40,50)",Surinaams,Vrouw,"[20,30)",10
Autochtoon,Vrouw,"[40,50)",Turks,Man,"[0,20)",30
Autochtoon,Vrouw,"[40,50)",Turks,Man,"[40,50)",40
Autochtoon,Vrouw,"[40,50)",Turks,Vrouw,"[0,20)",50
Autochtoon,Vrouw,"[50,60)",Autochtoon,Man,"[0,20)",4140
Autochtoon,Vrouw,"[50,60)",Autochtoon,Man,"[20,30)",2970
Autochtoon,Vrouw,"[50,60)",Autochtoon,Man,"[30,40)",380
Autochtoon,Vrouw,"[50,60)",Autochtoon,Man,"[40,50)",4020
Autochtoon,Vrouw,"[50,60)",Autochtoon,Man,"[50,60)",49550
Autochtoon,Vrouw,"[50,60)",Autochtoon,Man,"[60,70)",19680
Autochtoon,Vrouw,"[50,60)",Autochtoon,Man,"[70,80)",2760
Autochtoon,Vrouw,"[50,60)",Autochtoon,Vrouw,"[0,20)",3860
Autochtoon,Vrouw,"[50,60)",Autochtoon,Vrouw,"[20,30)",2460
Autochtoon,Vrouw,"[50,60)",Autochtoon,Vrouw,"[30,40)",150
Autochtoon,Vrouw,"[50,60)",Autochtoon,Vrouw,"[40,50)",160
Autochtoon,Vrouw,"[50,60)",Autochtoon,Vrouw,"[50,60)",540
Autochtoon,Vrouw,"[50,60)",Autochtoon,Vrouw,"[60,70)",80
Autochtoon,Vrouw,"[50,60)",Marokkaans,Man,"[0,20)",10
Autochtoon,Vrouw,"[50,60)",Marokkaans,Man,"[50,60)",20
Autochtoon,Vrouw,"[50,60)",Marokkaans,Vrouw,"[0,20)",20
Autochtoon,Vrouw,"[50,60)",Overig,Man,"[0,20)",15690
Autochtoon,Vrouw,"[50,60)",Overig,Man,"[20,30)",420
Autochtoon,Vrouw,"[50,60)",Overig,Man,"[40,50)",1550
Autochtoon,Vrouw,"[50,60)",Overig,Man,"[50,60)",8030
Autochtoon,Vrouw,"[50,60)",Overig,Man,"[60,70)",2100
Autochtoon,Vrouw,"[50,60)",Overig,Man,"[70,80)",70
Autochtoon,Vrouw,"[50,60)",Overig,Vrouw,"[0,20)",660
Autochtoon,Vrouw,"[50,60)",Overig,Vrouw,"[20,30)",420
Autochtoon,Vrouw,"[50,60)",Overig,Vrouw,"[40,50)",10
Autochtoon,Vrouw,"[50,60)",Overig,Vrouw,"[50,60)",330
Autochtoon,Vrouw,"[50,60)",Surinaams,Man,"[0,20)",80
Autochtoon,Vrouw,"[50,60)",Surinaams,Man,"[20,30)",50
Autochtoon,Vrouw,"[50,60)",Surinaams,Man,"[40,50)",60
Autochtoon,Vrouw,"[50,60)",Surinaams,Man,"[50,60)",1250
Autochtoon,Vrouw,"[50,60)",Surinaams,Vrouw,"[0,20)",90
Autochtoon,Vrouw,"[50,60)",Surinaams,Vrouw,"[20,30)",70
Autochtoon,Vrouw,"[50,60)",Turks,Man,"[50,60)",10
Autochtoon,Vrouw,"[60,70)",Autochtoon,Man,"[0,20)",230
Autochtoon,Vrouw,"[60,70)",Autochtoon,Man,"[20,30)",830
Autochtoon,Vrouw,"[60,70)",Autochtoon,Man,"[30,40)",890
Autochtoon,Vrouw,"[60,70)",Autochtoon,Man,"[40,50)",150
Autochtoon,Vrouw,"[60,70)",Autochtoon,Man,"[50,60)",3450
Autochtoon,Vrouw,"[60,70)",Autochtoon,Man,"[60,70)",62790
Autochtoon,Vrouw,"[60,70)",Autochtoon,Man,"[70,80)",41100
Autochtoon,Vrouw,"[60,70)",Autochtoon,Vrouw,"[0,20)",160
Autochtoon,Vrouw,"[60,70)",Autochtoon,Vrouw,"[20,30)",600
Autochtoon,Vrouw,"[60,70)",Autochtoon,Vrouw,"[30,40)",320
Autochtoon,Vrouw,"[60,70)",Autochtoon,Vrouw,"[50,60)",80
Autochtoon,Vrouw,"[60,70)",Autochtoon,Vrouw,"[60,70)",380
Autochtoon,Vrouw,"[60,70)",Overig,Man,"[0,20)",20
Autochtoon,Vrouw,"[60,70)",Overig,Man,"[20,30)",160
Autochtoon,Vrouw,"[60,70)",Overig,Man,"[30,40)",80
Autochtoon,Vrouw,"[60,70)",Overig,Man,"[50,60)",1130
Autochtoon,Vrouw,"[60,70)",Overig,Man,"[60,70)",11300
Autochtoon,Vrouw,"[60,70)",Overig,Man,"[70,80)",1770
Autochtoon,Vrouw,"[60,70)",Overig,Vrouw,"[0,20)",30
Autochtoon,Vrouw,"[60,70)",Overig,Vrouw,"[20,30)",160
Autochtoon,Vrouw,"[60,70)",Overig,Vrouw,"[30,40)",60
Autochtoon,Vrouw,"[60,70)",Overig,Vrouw,"[50,60)",40
Autochtoon,Vrouw,"[60,70)",Overig,Vrouw,"[60,70)",460
Autochtoon,Vrouw,"[60,70)",Surinaams,Man,"[60,70)",100
Autochtoon,Vrouw,"[70,80)",Autochtoon,Man,"[50,60)",90
Autochtoon,Vrouw,"[70,80)",Autochtoon,Man,"[60,70)",13370
Autochtoon,Vrouw,"[70,80)",Autochtoon,Man,"[70,80)",150450
Autochtoon,Vrouw,"[70,80)",Autochtoon,Man,"[80,120]",80250
Autochtoon,Vrouw,"[70,80)",Autochtoon,Vrouw,"[70,80)",10770
Autochtoon,Vrouw,"[70,80)",Overig,Man,"[60,70)",420
Autochtoon,Vrouw,"[70,80)",Overig,Man,"[70,80)",38750
Autochtoon,Vrouw,"[80,120]",Autochtoon,Man,"[80,120]",120700
Marokkaans,Man,"[0,20)",Autochtoon,Man,"[0,20)",40
Marokkaans,Man,"[0,20)",Autochtoon,Man,"[40,50)",10
Marokkaans,Man,"[0,20)",Autochtoon,Vrouw,"[0,20)",60
Marokkaans,Man,"[0,20)",Autochtoon,Vrouw,"[30,40)",90
Marokkaans,Man,"[0,20)",Autochtoon,Vrouw,"[40,50)",90
Marokkaans,Man,"[0,20)",Autochtoon,Vrouw,"[50,60)",10
Marokkaans,Man,"[0,20)",Marokkaans,Man,"[0,20)",10940
Marokkaans,Man,"[0,20)",Marokkaans,Man,"[20,30)",1840
Marokkaans,Man,"[0,20)",Marokkaans,Man,"[30,40)",1510
Marokkaans,Man,"[0,20)",Marokkaans,Man,"[40,50)",6980
Marokkaans,Man,"[0,20)",Marokkaans,Man,"[50,60)",2820
Marokkaans,Man,"[0,20)",Marokkaans,Man,"[60,70)",790
Marokkaans,Man,"[0,20)",Marokkaans,Man,"[70,80)",110
Marokkaans,Man,"[0,20)",Marokkaans,Vrouw,"[0,20)",10920
Marokkaans,Man,"[0,20)",Marokkaans,Vrouw,"[20,30)",2870
Marokkaans,Man,"[0,20)",Marokkaans,Vrouw,"[30,40)",4980
Marokkaans,Man,"[0,20)",Marokkaans,Vrouw,"[40,50)",5600
Marokkaans,Man,"[0,20)",Marokkaans,Vrouw,"[50,60)",1170
Marokkaans,Man,"[0,20)",Marokkaans,Vrouw,"[60,70)",150
Marokkaans,Man,"[0,20)",Marokkaans,Vrouw,"[70,80)",10
Marokkaans,Man,"[0,20)",Overig,Man,"[0,20)",80
Marokkaans,Man,"[0,20)",Overig,Man,"[30,40)",10
Marokkaans,Man,"[0,20)",Overig,Man,"[40,50)",50
Marokkaans,Man,"[0,20)",Overig,Man,"[50,60)",100
Marokkaans,Man,"[0,20)",Overig,Man,"[60,70)",10
Marokkaans,Man,"[0,20)",Overig,Vrouw,"[0,20)",60
Marokkaans,Man,"[0,20)",Overig,Vrouw,"[30,40)",40
Marokkaans,Man,"[20,30)",Autochtoon,Man,"[0,20)",150
Marokkaans,Man,"[20,30)",Autochtoon,Man,"[20,30)",20
Marokkaans,Man,"[20,30)",Autochtoon,Vrouw,"[0,20)",150
Marokkaans,Man,"[20,30)",Autochtoon,Vrouw,"[20,30)",100
Marokkaans,Man,"[20,30)",Marokkaans,Man,"[0,20)",1840
Marokkaans,Man,"[20,30)",Marokkaans,Man,"[20,30)",1450
Marokkaans,Man,"[20,30)",Marokkaans,Man,"[30,40)",860
Marokkaans,Man,"[20,30)",Marokkaans,Man,"[40,50)",450
Marokkaans,Man,"[20,30)",Marokkaans,Man,"[50,60)",1200
Marokkaans,Man,"[20,30)",Marokkaans,Man,"[60,70)",600
Marokkaans,Man,"[20,30)",Marokkaans,Man,"[70,80)",300
Marokkaans,Man,"[20,30)",Marokkaans,Vrouw,"[0,20)",1770
Marokkaans,Man,"[20,30)",Marokkaans,Vrouw,"[20,30)",1990
Marokkaans,Man,"[20,30)",Marokkaans,Vrouw,"[30,40)",330
Marokkaans,Man,"[20,30)",Marokkaans,Vrouw,"[40,50)",1380
Marokkaans,Man,"[20,30)",Marokkaans,Vrouw,"[50,60)",1250
Marokkaans,Man,"[20,30)",Marokkaans,Vrouw,"[60,70)",480
Marokkaans,Man,"[20,30)",Overig,Man,"[0,20)",20
Marokkaans,Man,"[20,30)",Overig,Man,"[20,30)",20
Marokkaans,Man,"[20,30)",Overig,Man,"[30,40)",10
Marokkaans,Man,"[20,30)",Overig,Man,"[50,60)",10
Marokkaans,Man,"[20,30)",Overig,Vrouw,"[0,20)",40
Marokkaans,Man,"[20,30)",Overig,Vrouw,"[20,30)",60
Marokkaans,Man,"[20,30)",Overig,Vrouw,"[30,40)",10
Marokkaans,Man,"[20,30)",Surinaams,Man,"[0,20)",10
Marokkaans,Man,"[20,30)",Surinaams,Man,"[20,30)",20
Marokkaans,Man,"[20,30)",Surinaams,Vrouw,"[20,30)",10
Marokkaans,Man,"[30,40)",Autochtoon,Man,"[0,20)",760
Marokkaans,Man,"[30,40)",Autochtoon,Man,"[40,50)",10
Marokkaans,Man,"[30,40)",Autochtoon,Vrouw,"[0,20)",680
Marokkaans,Man,"[30,40)",Autochtoon,Vrouw,"[20,30)",30
Marokkaans,Man,"[30,40)",Autochtoon,Vrouw,"[30,40)",190
Marokkaans,Man,"[30,40)",Marokkaans,Man,"[0,20)",1510
Marokkaans,Man,"[30,40)",Marokkaans,Man,"[20,30)",860
Marokkaans,Man,"[30,40)",Marokkaans,Man,"[30,40)",400
Marokkaans,Man,"[30,40)",Marokkaans,Man,"[40,50)",190
Marokkaans,Man,"[30,40)",Marokkaans,Man,"[50,60)",30
Marokkaans,Man,"[30,40)",Marokkaans,Man,"[60,70)",110
Marokkaans,Man,"[30,40)",Marokkaans,Man,"[70,80)",240
Marokkaans,Man,"[30,40)",Marokkaans,Vrouw,"[0,20)",1670
Marokkaans,Man,"[30,40)",Marokkaans,Vrouw,"[20,30)",12740
Marokkaans,Man,"[30,40)",Marokkaans,Vrouw,"[30,40)",5490
Marokkaans,Man,"[30,40)",Marokkaans,Vrouw,"[40,50)",1360
Marokkaans,Man,"[30,40)",Marokkaans,Vrouw,"[50,60)",280
Marokkaans,Man,"[30,40)",Marokkaans,Vrouw,"[60,70)",310
Marokkaans,Man,"[30,40)",Marokkaans,Vrouw,"[70,80)",140
Marokkaans,Man,"[30,40)",Overig,Man,"[0,20)",60
Marokkaans,Man,"[30,40)",Overig,Man,"[40,50)",10
Marokkaans,Man,"[30,40)",Overig,Vrouw,"[0,20)",90
Marokkaans,Man,"[30,40)",Overig,Vrouw,"[20,30)",80
Marokkaans,Man,"[30,40)",Overig,Vrouw,"[30,40)",280
Marokkaans,Man,"[40,50)",Autochtoon,Man,"[0,20)",190
Marokkaans,Man,"[40,50)",Autochtoon,Vrouw,"[0,20)",160
Marokkaans,Man,"[40,50)",Autochtoon,Vrouw,"[30,40)",40
Marokkaans,Man,"[40,50)",Autochtoon,Vrouw,"[40,50)",90
Marokkaans,Man,"[40,50)",Marokkaans,Man,"[0,20)",6980
Marokkaans,Man,"[40,50)",Marokkaans,Man,"[20,30)",450
Marokkaans,Man,"[40,50)",Marokkaans,Man,"[30,40)",190
Marokkaans,Man,"[40,50)",Marokkaans,Man,"[40,50)",80
Marokkaans,Man,"[40,50)",Marokkaans,Vrouw,"[0,20)",4790
Marokkaans,Man,"[40,50)",Marokkaans,Vrouw,"[20,30)",670
Marokkaans,Man,"[40,50)",Marokkaans,Vrouw,"[30,40)",12020
Marokkaans,Man,"[40,50)",Marokkaans,Vrouw,"[40,50)",9220
Marokkaans,Man,"[40,50)",Marokkaans,Vrouw,"[50,60)",730
Marokkaans,Man,"[40,50)",Overig,Man,"[0,20)",140
Marokkaans,Man,"[40,50)",Overig,Vrouw,"[0,20)",110
Marokkaans,Man,"[40,50)",Overig,Vrouw,"[30,40)",120
Marokkaans,Man,"[50,60)",Autochtoon,Man,"[0,20)",10
Marokkaans,Man,"[50,60)",Autochtoon,Vrouw,"[0,20)",10
Marokkaans,Man,"[50,60)",Autochtoon,Vrouw,"[50,60)",20
Marokkaans,Man,"[50,60)",Marokkaans,Man,"[0,20)",2820
Marokkaans,Man,"[50,60)",Marokkaans,Man,"[20,30)",1200
Marokkaans,Man,"[50,60)",Marokkaans,Man,"[30,40)",30
Marokkaans,Man,"[50,60)",Marokkaans,Vrouw,"[0,20)",3110
Marokkaans,Man,"[50,60)",Marokkaans,Vrouw,"[20,30)",1360
Marokkaans,Man,"[50,60)",Marokkaans,Vrouw,"[30,40)",3160
Marokkaans,Man,"[50,60)",Marokkaans,Vrouw,"[40,50)",13650
Marokkaans,Man,"[50,60)",Marokkaans,Vrouw,"[50,60)",4090
Marokkaans,Man,"[50,60)",Marokkaans,Vrouw,"[60,70)",20
Marokkaans,Man,"[50,60)",Overig,Man,"[0,20)",20
Marokkaans,Man,"[50,60)",Overig,Vrouw,"[0,20)",50
Marokkaans,Man,"[50,60)",Overig,Vrouw,"[20,30)",10
Marokkaans,Man,"[50,60)",Overig,Vrouw,"[40,50)",10
Marokkaans,Man,"[50,60)",Overig,Vrouw,"[50,60)",510
Marokkaans,Man,"[60,70)",Marokkaans,Man,"[0,20)",790
Marokkaans,Man,"[60,70)",Marokkaans,Man,"[20,30)",600
Marokkaans,Man,"[60,70)",Marokkaans,Man,"[30,40)",110
Marokkaans,Man,"[60,70)",Marokkaans,Vrouw,"[0,20)",740
Marokkaans,Man,"[60,70)",Marokkaans,Vrouw,"[20,30)",490
Marokkaans,Man,"[60,70)",Marokkaans,Vrouw,"[30,40)",110
Marokkaans,Man,"[60,70)",Marokkaans,Vrouw,"[40,50)",2690
Marokkaans,Man,"[60,70)",Marokkaans,Vrouw,"[50,60)",15730
Marokkaans,Man,"[60,70)",Marokkaans,Vrouw,"[60,70)",19110
Marokkaans,Man,"[60,70)",Overig,Vrouw,"[50,60)",10
Marokkaans,Man,"[70,80)",Marokkaans,Man,"[0,20)",110
Marokkaans,Man,"[70,80)",Marokkaans,Man,"[20,30)",300
Marokkaans,Man,"[70,80)",Marokkaans,Man,"[30,40)",240
Marokkaans,Man,"[70,80)",Marokkaans,Vrouw,"[0,20)",70
Marokkaans,Man,"[70,80)",Marokkaans,Vrouw,"[20,30)",360
Marokkaans,Man,"[70,80)",Marokkaans,Vrouw,"[30,40)",100
Marokkaans,Man,"[70,80)",Marokkaans,Vrouw,"[40,50)",20
Marokkaans,Man,"[70,80)",Marokkaans,Vrouw,"[50,60)",4520
Marokkaans,Man,"[70,80)",Marokkaans,Vrouw,"[60,70)",18690
Marokkaans,Man,"[70,80)",Marokkaans,Vrouw,"[70,80)",7390
Marokkaans,Man,"[80,120]",Marokkaans,Vrouw,"[60,70)",20
Marokkaans,Man,"[80,120]",Marokkaans,Vrouw,"[70,80)",13090
Marokkaans,Vrouw,"[0,20)",Autochtoon,Man,"[0,20)",40
Marokkaans,Vrouw,"[0,20)",Autochtoon,Man,"[40,50)",10
Marokkaans,Vrouw,"[0,20)",Autochtoon,Vrouw,"[0,20)",40
Marokkaans,Vrouw,"[0,20)",Autochtoon,Vrouw,"[20,30)",10
Marokkaans,Vrouw,"[0,20)",Autochtoon,Vrouw,"[30,40)",70
Marokkaans,Vrouw,"[0,20)",Autochtoon,Vrouw,"[40,50)",100
Marokkaans,Vrouw,"[0,20)",Autochtoon,Vrouw,"[50,60)",20
Marokkaans,Vrouw,"[0,20)",Marokkaans,Man,"[0,20)",10920
Marokkaans,Vrouw,"[0,20)",Marokkaans,Man,"[20,30)",1770
Marokkaans,Vrouw,"[0,20)",Marokkaans,Man,"[30,40)",1670
Marokkaans,Vrouw,"[0,20)",Marokkaans,Man,"[40,50)",4790
Marokkaans,Vrouw,"[0,20)",Marokkaans,Man,"[50,60)",3110
Marokkaans,Vrouw,"[0,20)",Marokkaans,Man,"[60,70)",740
Marokkaans,Vrouw,"[0,20)",Marokkaans,Man,"[70,80)",70
Marokkaans,Vrouw,"[0,20)",Marokkaans,Vrouw,"[0,20)",11130
Marokkaans,Vrouw,"[0,20)",Marokkaans,Vrouw,"[20,30)",2040
Marokkaans,Vrouw,"[0,20)",Marokkaans,Vrouw,"[30,40)",4680
Marokkaans,Vrouw,"[0,20)",Marokkaans,Vrouw,"[40,50)",4860
Marokkaans,Vrouw,"[0,20)",Marokkaans,Vrouw,"[50,60)",1230
Marokkaans,Vrouw,"[0,20)",Marokkaans,Vrouw,"[60,70)",100
Marokkaans,Vrouw,"[0,20)",Overig,Man,"[0,20)",60
Marokkaans,Vrouw,"[0,20)",Overig,Man,"[30,40)",60
Marokkaans,Vrouw,"[0,20)",Overig,Man,"[40,50)",60
Marokkaans,Vrouw,"[0,20)",Overig,Man,"[50,60)",80
Marokkaans,Vrouw,"[0,20)",Overig,Man,"[60,70)",20
Marokkaans,Vrouw,"[0,20)",Overig,Vrouw,"[0,20)",50
Marokkaans,Vrouw,"[0,20)",Overig,Vrouw,"[30,40)",50
Marokkaans,Vrouw,"[20,30)",Autochtoon,Man,"[0,20)",420
Marokkaans,Vrouw,"[20,30)",Autochtoon,Man,"[20,30)",40
Marokkaans,Vrouw,"[20,30)",Autochtoon,Man,"[30,40)",20
Marokkaans,Vrouw,"[20,30)",Autochtoon,Vrouw,"[0,20)",410
Marokkaans,Vrouw,"[20,30)",Autochtoon,Vrouw,"[20,30)",10
Marokkaans,Vrouw,"[20,30)",Marokkaans,Man,"[0,20)",2870
Marokkaans,Vrouw,"[20,30)",Marokkaans,Man,"[20,30)",1990
Marokkaans,Vrouw,"[20,30)",Marokkaans,Man,"[30,40)",12740
Marokkaans,Vrouw,"[20,30)",Marokkaans,Man,"[40,50)",670
Marokkaans,Vrouw,"[20,30)",Marokkaans,Man,"[50,60)",1360
Marokkaans,Vrouw,"[20,30)",Marokkaans,Man,"[60,70)",490
Marokkaans,Vrouw,"[20,30)",Marokkaans,Man,"[70,80)",360
Marokkaans,Vrouw,"[20,30)",Marokkaans,Vrouw,"[0,20)",2040
Marokkaans,Vrouw,"[20,30)",Marokkaans,Vrouw,"[20,30)",1130
Marokkaans,Vrouw,"[20,30)",Marokkaans,Vrouw,"[30,40)",340
Marokkaans,Vrouw,"[20,30)",Marokkaans,Vrouw,"[40,50)",1070
Marokkaans,Vrouw,"[20,30)",Marokkaans,Vrouw,"[50,60)",1040
Marokkaans,Vrouw,"[20,30)",Marokkaans,Vrouw,"[60,70)",500
Marokkaans,Vrouw,"[20,30)",Overig,Man,"[0,20)",50
Marokkaans,Vrouw,"[20,30)",Overig,Man,"[20,30)",40
Marokkaans,Vrouw,"[20,30)",Overig,Man,"[30,40)",10
Marokkaans,Vrouw,"[20,30)",Overig,Vrouw,"[0,20)",30
Marokkaans,Vrouw,"[20,30)",Surinaams,Man,"[20,30)",10
Marokkaans,Vrouw,"[30,40)",Autochtoon,Man,"[0,20)",1010
Marokkaans,Vrouw,"[30,40)",Autochtoon,Man,"[30,40)",130
Marokkaans,Vrouw,"[30,40)",Autochtoon,Man,"[40,50)",40
Marokkaans,Vrouw,"[30,40)",Autochtoon,Vrouw,"[0,20)",950
Marokkaans,Vrouw,"[30,40)",Marokkaans,Man,"[0,20)",4980
Marokkaans,Vrouw,"[30,40)",Marokkaans,Man,"[20,30)",330
Marokkaans,Vrouw,"[30,40)",Marokkaans,Man,"[30,40)",5490
Marokkaans,Vrouw,"[30,40)",Marokkaans,Man,"[40,50)",12020
Marokkaans,Vrouw,"[30,40)",Marokkaans,Man,"[50,60)",3160
Marokkaans,Vrouw,"[30,40)",Marokkaans,Man,"[60,70)",110
Marokkaans,Vrouw,"[30,40)",Marokkaans,Man,"[70,80)",100
Marokkaans,Vrouw,"[30,40)",Marokkaans,Vrouw,"[0,20)",4680
Marokkaans,Vrouw,"[30,40)",Marokkaans,Vrouw,"[20,30)",340
Marokkaans,Vrouw,"[30,40)",Marokkaans,Vrouw,"[30,40)",130
Marokkaans,Vrouw,"[30,40)",Marokkaans,Vrouw,"[50,60)",230
Marokkaans,Vrouw,"[30,40)",Marokkaans,Vrouw,"[60,70)",130
Marokkaans,Vrouw,"[30,40)",Overig,Man,"[0,20)",90
Marokkaans,Vrouw,"[30,40)",Overig,Man,"[30,40)",110
Marokkaans,Vrouw,"[30,40)",Overig,Man,"[40,50)",30
Marokkaans,Vrouw,"[30,40)",Overig,Vrouw,"[0,20)",70
Marokkaans,Vrouw,"[30,40)",Surinaams,Man,"[30,40)",40
Marokkaans,Vrouw,"[30,40)",Turks,Man,"[30,40)",10
Marokkaans,Vrouw,"[40,50)",Autochtoon,Man,"[0,20)",100
Marokkaans,Vrouw,"[40,50)",Autochtoon,Man,"[40,50)",40
Marokkaans,Vrouw,"[40,50)",Autochtoon,Vrouw,"[0,20)",110
Marokkaans,Vrouw,"[40,50)",Marokkaans,Man,"[0,20)",5600
Marokkaans,Vrouw,"[40,50)",Marokkaans,Man,"[20,30)",1380
Marokkaans,Vrouw,"[40,50)",Marokkaans,Man,"[30,40)",1360
Marokkaans,Vrouw,"[40,50)",Marokkaans,Man,"[40,50)",9220
Marokkaans,Vrouw,"[40,50)",Marokkaans,Man,"[50,60)",13650
Marokkaans,Vrouw,"[40,50)",Marokkaans,Man,"[60,70)",2690
Marokkaans,Vrouw,"[40,50)",Marokkaans,Man,"[70,80)",20
Marokkaans,Vrouw,"[40,50)",Marokkaans,Vrouw,"[0,20)",4860
Marokkaans,Vrouw,"[40,50)",Marokkaans,Vrouw,"[20,30)",1070
Marokkaans,Vrouw,"[40,50)",Overig,Man,"[0,20)",50
Marokkaans,Vrouw,"[40,50)",Overig,Man,"[40,50)",20
Marokkaans,Vrouw,"[40,50)",Overig,Man,"[50,60)",20
Marokkaans,Vrouw,"[40,50)",Overig,Vrouw,"[0,20)",40
Marokkaans,Vrouw,"[50,60)",Autochtoon,Man,"[0,20)",10
Marokkaans,Vrouw,"[50,60)",Autochtoon,Vrouw,"[0,20)",10
Marokkaans,Vrouw,"[50,60)",Marokkaans,Man,"[0,20)",1170
Marokkaans,Vrouw,"[50,60)",Marokkaans,Man,"[20,30)",1250
Marokkaans,Vrouw,"[50,60)",Marokkaans,Man,"[30,40)",280
Marokkaans,Vrouw,"[50,60)",Marokkaans,Man,"[40,50)",730
Marokkaans,Vrouw,"[50,60)",Marokkaans,Man,"[50,60)",4090
Marokkaans,Vrouw,"[50,60)",Marokkaans,Man,"[60,70)",15730
Marokkaans,Vrouw,"[50,60)",Marokkaans,Man,"[70,80)",4520
Marokkaans,Vrouw,"[50,60)",Marokkaans,Vrouw,"[0,20)",1230
Marokkaans,Vrouw,"[50,60)",Marokkaans,Vrouw,"[20,30)",1040
Marokkaans,Vrouw,"[50,60)",Marokkaans,Vrouw,"[30,40)",230
Marokkaans,Vrouw,"[50,60)",Overig,Man,"[50,60)",930
Marokkaans,Vrouw,"[50,60)",Overig,Man,"[60,70)",10
Marokkaans,Vrouw,"[60,70)",Marokkaans,Man,"[0,20)",150
Marokkaans,Vrouw,"[60,70)",Marokkaans,Man,"[20,30)",480
Marokkaans,Vrouw,"[60,70)",Marokkaans,Man,"[30,40)",310
Marokkaans,Vrouw,"[60,70)",Marokkaans,Man,"[50,60)",20
Marokkaans,Vrouw,"[60,70)",Marokkaans,Man,"[60,70)",19110
Marokkaans,Vrouw,"[60,70)",Marokkaans,Man,"[70,80)",18690
Marokkaans,Vrouw,"[60,70)",Marokkaans,Man,"[80,120]",20
Marokkaans,Vrouw,"[60,70)",Marokkaans,Vrouw,"[0,20)",100
Marokkaans,Vrouw,"[60,70)",Marokkaans,Vrouw,"[20,30)",500
Marokkaans,Vrouw,"[60,70)",Marokkaans,Vrouw,"[30,40)",130
Marokkaans,Vrouw,"[60,70)",Overig,Man,"[60,70)",400
Marokkaans,Vrouw,"[70,80)",Marokkaans,Man,"[0,20)",10
Marokkaans,Vrouw,"[70,80)",Marokkaans,Man,"[30,40)",140
Marokkaans,Vrouw,"[70,80)",Marokkaans,Man,"[70,80)",7390
Marokkaans,Vrouw,"[70,80)",Marokkaans,Man,"[80,120]",13090
Overig,Man,"[0,20)",Autochtoon,Man,"[0,20)",170
Overig,Man,"[0,20)",Autochtoon,Man,"[20,30)",80
Overig,Man,"[0,20)",Autochtoon,Man,"[30,40)",990
Overig,Man,"[0,20)",Autochtoon,Man,"[40,50)",1840
Overig,Man,"[0,20)",Autochtoon,Man,"[50,60)",2140
Overig,Man,"[0,20)",Autochtoon,Man,"[60,70)",170
Overig,Man,"[0,20)",Autochtoon,Vrouw,"[0,20)",170
Overig,Man,"[0,20)",Autochtoon,Vrouw,"[20,30)",120
Overig,Man,"[0,20)",Autochtoon,Vrouw,"[30,40)",1240
Overig,Man,"[0,20)",Autochtoon,Vrouw,"[40,50)",1690
Overig,Man,"[0,20)",Autochtoon,Vrouw,"[50,60)",15690
Overig,Man,"[0,20)",Autochtoon,Vrouw,"[60,70)",20
Overig,Man,"[0,20)",Marokkaans,Man,"[0,20)",80
Overig,Man,"[0,20)",Marokkaans,Man,"[20,30)",20
Overig,Man,"[0,20)",Marokkaans,Man,"[30,40)",60
Overig,Man,"[0,20)",Marokkaans,Man,"[40,50)",140
Overig,Man,"[0,20)",Marokkaans,Man,"[50,60)",20
Overig,Man,"[0,20)",Marokkaans,Vrouw,"[0,20)",60
Overig,Man,"[0,20)",Marokkaans,Vrouw,"[20,30)",50
Overig,Man,"[0,20)",Marokkaans,Vrouw,"[30,40)",90
Overig,Man,"[0,20)",Marokkaans,Vrouw,"[40,50)",50
Overig,Man,"[0,20)",Overig,Man,"[0,20)",594280
Overig,Man,"[0,20)",Overig,Man,"[20,30)",1470
Overig,Man,"[0,20)",Overig,Man,"[30,40)",5690
Overig,Man,"[0,20)",Overig,Man,"[40,50)",4830
Overig,Man,"[0,20)",Overig,Man,"[50,60)",23990
Overig,Man,"[0,20)",Overig,Man,"[60,70)",510
Overig,Man,"[0,20)",Overig,Man,"[70,80)",80
Overig,Man,"[0,20)",Overig,Vrouw,"[0,20)",13960
Overig,Man,"[0,20)",Overig,Vrouw,"[20,30)",4400
Overig,Man,"[0,20)",Overig,Vrouw,"[30,40)",9620
Overig,Man,"[0,20)",Overig,Vrouw,"[40,50)",12740
Overig,Man,"[0,20)",Overig,Vrouw,"[50,60)",53040
Overig,Man,"[0,20)",Overig,Vrouw,"[60,70)",130
Overig,Man,"[0,20)",Overig,Vrouw,"[70,80)",10
Overig,Man,"[0,20)",Surinaams,Man,"[0,20)",50
Overig,Man,"[0,20)",Surinaams,Man,"[20,30)",30
Overig,Man,"[0,20)",Surinaams,Man,"[30,40)",100
Overig,Man,"[0,20)",Surinaams,Man,"[40,50)",130
Overig,Man,"[0,20)",Surinaams,Man,"[50,60)",160
Overig,Man,"[0,20)",Surinaams,Vrouw,"[0,20)",50
Overig,Man,"[0,20)",Surinaams,Vrouw,"[20,30)",60
Overig,Man,"[0,20)",Surinaams,Vrouw,"[30,40)",160
Overig,Man,"[0,20)",Surinaams,Vrouw,"[40,50)",100
Overig,Man,"[0,20)",Surinaams,Vrouw,"[50,60)",40
Overig,Man,"[0,20)",Turks,Man,"[0,20)",20
Overig,Man,"[0,20)",Turks,Man,"[30,40)",70
Overig,Man,"[0,20)",Turks,Man,"[40,50)",90
Overig,Man,"[0,20)",Turks,Man,"[50,60)",20
Overig,Man,"[0,20)",Turks,Vrouw,"[0,20)",20
Overig,Man,"[0,20)",Turks,Vrouw,"[30,40)",50
Overig,Man,"[0,20)",Turks,Vrouw,"[40,50)",10
Overig,Man,"[20,30)",Autochtoon,Man,"[0,20)",140
Overig,Man,"[20,30)",Autochtoon,Man,"[20,30)",1130
Overig,Man,"[20,30)",Autochtoon,Man,"[30,40)",180
Overig,Man,"[20,30)",Autochtoon,Man,"[40,50)",50
Overig,Man,"[20,30)",Autochtoon,Man,"[50,60)",260
Overig,Man,"[20,30)",Autochtoon,Man,"[60,70)",130
Overig,Man,"[20,30)",Autochtoon,Vrouw,"[0,20)",90
Overig,Man,"[20,30)",Autochtoon,Vrouw,"[20,30)",3080
Overig,Man,"[20,30)",Autochtoon,Vrouw,"[30,40)",320
Overig,Man,"[20,30)",Autochtoon,Vrouw,"[40,50)",80
Overig,Man,"[20,30)",Autochtoon,Vrouw,"[50,60)",420
Overig,Man,"[20,30)",Autochtoon,Vrouw,"[60,70)",160
Overig,Man,"[20,30)",Marokkaans,Man,"[20,30)",20
Overig,Man,"[20,30)",Marokkaans,Vrouw,"[20,30)",40
Overig,Man,"[20,30)",Overig,Man,"[0,20)",1470
Overig,Man,"[20,30)",Overig,Man,"[20,30)",3140
Overig,Man,"[20,30)",Overig,Man,"[30,40)",146080
Overig,Man,"[20,30)",Overig,Man,"[40,50)",200
Overig,Man,"[20,30)",Overig,Man,"[50,60)",900
Overig,Man,"[20,30)",Overig,Man,"[60,70)",590
Overig,Man,"[20,30)",Overig,Man,"[70,80)",20
Overig,Man,"[20,30)",Overig,Vrouw,"[0,20)",1300
Overig,Man,"[20,30)",Overig,Vrouw,"[20,30)",28130
Overig,Man,"[20,30)",Overig,Vrouw,"[30,40)",4040
Overig,Man,"[20,30)",Overig,Vrouw,"[40,50)",1040
Overig,Man,"[20,30)",Overig,Vrouw,"[50,60)",1950
Overig,Man,"[20,30)",Overig,Vrouw,"[60,70)",990
Overig,Man,"[20,30)",Surinaams,Man,"[20,30)",40
Overig,Man,"[20,30)",Surinaams,Vrouw,"[0,20)",10
Overig,Man,"[20,30)",Surinaams,Vrouw,"[20,30)",100
Overig,Man,"[20,30)",Surinaams,Vrouw,"[30,40)",10
Overig,Man,"[20,30)",Turks,Vrouw,"[20,30)",20
Overig,Man,"[30,40)",Autochtoon,Man,"[0,20)",1050
Overig,Man,"[30,40)",Autochtoon,Man,"[20,30)",170
Overig,Man,"[30,40)",Autochtoon,Man,"[30,40)",480
Overig,Man,"[30,40)",Autochtoon,Man,"[40,50)",270
Overig,Man,"[30,40)",Autochtoon,Man,"[50,60)",250
Overig,Man,"[30,40)",Autochtoon,Man,"[60,70)",30
Overig,Man,"[30,40)",Autochtoon,Vrouw,"[0,20)",960
Overig,Man,"[30,40)",Autochtoon,Vrouw,"[20,30)",1710
Overig,Man,"[30,40)",Autochtoon,Vrouw,"[30,40)",5190
Overig,Man,"[30,40)",Autochtoon,Vrouw,"[40,50)",620
Overig,Man,"[30,40)",Autochtoon,Vrouw,"[60,70)",80
Overig,Man,"[30,40)",Marokkaans,Man,"[0,20)",10
Overig,Man,"[30,40)",Marokkaans,Man,"[20,30)",10
Overig,Man,"[30,40)",Marokkaans,Vrouw,"[0,20)",60
Overig,Man,"[30,40)",Marokkaans,Vrouw,"[20,30)",10
Overig,Man,"[30,40)",Marokkaans,Vrouw,"[30,40)",110
Overig,Man,"[30,40)",Overig,Man,"[0,20)",5690
Overig,Man,"[30,40)",Overig,Man,"[20,30)",146080
Overig,Man,"[30,40)",Overig,Man,"[30,40)",1220
Overig,Man,"[30,40)",Overig,Man,"[40,50)",15970
Overig,Man,"[30,40)",Overig,Man,"[50,60)",130
Overig,Man,"[30,40)",Overig,Man,"[60,70)",320
Overig,Man,"[30,40)",Overig,Vrouw,"[0,20)",4900
Overig,Man,"[30,40)",Overig,Vrouw,"[20,30)",45170
Overig,Man,"[30,40)",Overig,Vrouw,"[30,40)",449440
Overig,Man,"[30,40)",Overig,Vrouw,"[40,50)",9560
Overig,Man,"[30,40)",Overig,Vrouw,"[50,60)",540
Overig,Man,"[30,40)",Overig,Vrouw,"[60,70)",1010
Overig,Man,"[30,40)",Overig,Vrouw,"[70,80)",10
Overig,Man,"[30,40)",Surinaams,Man,"[0,20)",50
Overig,Man,"[30,40)",Surinaams,Man,"[30,40)",10
Overig,Man,"[30,40)",Surinaams,Vrouw,"[0,20)",90
Overig,Man,"[30,40)",Surinaams,Vrouw,"[20,30)",70
Overig,Man,"[30,40)",Surinaams,Vrouw,"[30,40)",280
Overig,Man,"[30,40)",Surinaams,Vrouw,"[40,50)",10
Overig,Man,"[30,40)",Turks,Vrouw,"[20,30)",10
Overig,Man,"[30,40)",Turks,Vrouw,"[30,40)",140
Overig,Man,"[40,50)",Autochtoon,Man,"[0,20)",1370
Overig,Man,"[40,50)",Autochtoon,Man,"[20,30)",20
Overig,Man,"[40,50)",Autochtoon,Man,"[30,40)",110
Overig,Man,"[40,50)",Autochtoon,Man,"[40,50)",800
Overig,Man,"[40,50)",Autochtoon,Man,"[50,60)",190
Overig,Man,"[40,50)",Autochtoon,Vrouw,"[0,20)",1280
Overig,Man,"[40,50)",Autochtoon,Vrouw,"[20,30)",80
Overig,Man,"[40,50)",Autochtoon,Vrouw,"[30,40)",4750
Overig,Man,"[40,50)",Autochtoon,Vrouw,"[40,50)",4650
Overig,Man,"[40,50)",Autochtoon,Vrouw,"[50,60)",1550
Overig,Man,"[40,50)",Marokkaans,Man,"[0,20)",50
Overig,Man,"[40,50)",Marokkaans,Man,"[30,40)",10
Overig,Man,"[40,50)",Marokkaans,Vrouw,"[0,20)",60
Overig,Man,"[40,50)",Marokkaans,Vrouw,"[30,40)",30
Overig,Man,"[40,50)",Marokkaans,Vrouw,"[40,50)",20
Overig,Man,"[40,50)",Overig,Man,"[0,20)",4830
Overig,Man,"[40,50)",Overig,Man,"[20,30)",200
Overig,Man,"[40,50)",Overig,Man,"[30,40)",15970
Overig,Man,"[40,50)",Overig,Man,"[40,50)",3730
Overig,Man,"[40,50)",Overig,Man,"[50,60)",700
Overig,Man,"[40,50)",Overig,Vrouw,"[0,20)",6940
Overig,Man,"[40,50)",Overig,Vrouw,"[20,30)",680
Overig,Man,"[40,50)",Overig,Vrouw,"[30,40)",34070
Overig,Man,"[40,50)",Overig,Vrouw,"[40,50)",27120
Overig,Man,"[40,50)",Overig,Vrouw,"[50,60)",420
Overig,Man,"[40,50)",Overig,Vrouw,"[60,70)",60
Overig,Man,"[40,50)",Surinaams,Man,"[0,20)",80
Overig,Man,"[40,50)",Surinaams,Man,"[30,40)",10
Overig,Man,"[40,50)",Surinaams,Vrouw,"[0,20)",120
Overig,Man,"[40,50)",Surinaams,Vrouw,"[30,40)",100
Overig,Man,"[40,50)",Surinaams,Vrouw,"[40,50)",210
Overig,Man,"[40,50)",Surinaams,Vrouw,"[50,60)",10
Overig,Man,"[40,50)",Turks,Man,"[0,20)",10
Overig,Man,"[40,50)",Turks,Vrouw,"[0,20)",10
Overig,Man,"[40,50)",Turks,Vrouw,"[40,50)",10
Overig,Man,"[50,60)",Autochtoon,Man,"[0,20)",710
Overig,Man,"[50,60)",Autochtoon,Man,"[20,30)",180
Overig,Man,"[50,60)",Autochtoon,Man,"[40,50)",130
Overig,Man,"[50,60)",Autochtoon,Man,"[50,60)",2990
Overig,Man,"[50,60)",Autochtoon,Man,"[60,70)",940
Overig,Man,"[50,60)",Autochtoon,Vrouw,"[0,20)",540
Overig,Man,"[50,60)",Autochtoon,Vrouw,"[20,30)",120
Overig,Man,"[50,60)",Autochtoon,Vrouw,"[30,40)",110
Overig,Man,"[50,60)",Autochtoon,Vrouw,"[40,50)",2820
Overig,Man,"[50,60)",Autochtoon,Vrouw,"[50,60)",8030
Overig,Man,"[50,60)",Autochtoon,Vrouw,"[60,70)",1130
Overig,Man,"[50,60)",Marokkaans,Man,"[0,20)",100
Overig,Man,"[50,60)",Marokkaans,Man,"[20,30)",10
Overig,Man,"[50,60)",Marokkaans,Vrouw,"[0,20)",80
Overig,Man,"[50,60)",Marokkaans,Vrouw,"[40,50)",20
Overig,Man,"[50,60)",Marokkaans,Vrouw,"[50,60)",930
Overig,Man,"[50,60)",Overig,Man,"[0,20)",23990
Overig,Man,"[50,60)",Overig,Man,"[20,30)",900
Overig,Man,"[50,60)",Overig,Man,"[30,40)",130
Overig,Man,"[50,60)",Overig,Man,"[40,50)",700
Overig,Man,"[50,60)",Overig,Man,"[50,60)",230
Overig,Man,"[50,60)",Overig,Man,"[60,70)",50
Overig,Man,"[50,60)",Overig,Vrouw,"[0,20)",2840
Overig,Man,"[50,60)",Overig,Vrouw,"[20,30)",3720
Overig,Man,"[50,60)",Overig,Vrouw,"[30,40)",2520
Overig,Man,"[50,60)",Overig,Vrouw,"[40,50)",30650
Overig,Man,"[50,60)",Overig,Vrouw,"[50,60)",46650
Overig,Man,"[50,60)",Overig,Vrouw,"[60,70)",840
Overig,Man,"[50,60)",Surinaams,Man,"[0,20)",70
Overig,Man,"[50,60)",Surinaams,Man,"[20,30)",10
Overig,Man,"[50,60)",Surinaams,Vrouw,"[0,20)",30
Overig,Man,"[50,60)",Surinaams,Vrouw,"[40,50)",570
Overig,Man,"[50,60)",Surinaams,Vrouw,"[50,60)",80
Overig,Man,"[60,70)",Autochtoon,Man,"[0,20)",80
Overig,Man,"[60,70)",Autochtoon,Man,"[20,30)",100
Overig,Man,"[60,70)",Autochtoon,Man,"[30,40)",10
Overig,Man,"[60,70)",Autochtoon,Man,"[50,60)",760
Overig,Man,"[60,70)",Autochtoon,Man,"[60,70)",460
Overig,Man,"[60,70)",Autochtoon,Vrouw,"[0,20)",70
Overig,Man,"[60,70)",Autochtoon,Vrouw,"[20,30)",90
Overig,Man,"[60,70)",Autochtoon,Vrouw,"[40,50)",160
Overig,Man,"[60,70)",Autochtoon,Vrouw,"[50,60)",2100
Overig,Man,"[60,70)",Autochtoon,Vrouw,"[60,70)",11300
Overig,Man,"[60,70)",Autochtoon,Vrouw,"[70,80)",420
Overig,Man,"[60,70)",Marokkaans,Man,"[0,20)",10
Overig,Man,"[60,70)",Marokkaans,Vrouw,"[0,20)",20
Overig,Man,"[60,70)",Marokkaans,Vrouw,"[50,60)",10
Overig,Man,"[60,70)",Marokkaans,Vrouw,"[60,70)",400
Overig,Man,"[60,70)",Overig,Man,"[0,20)",510
Overig,Man,"[60,70)",Overig,Man,"[20,30)",590
Overig,Man,"[60,70)",Overig,Man,"[30,40)",320
Overig,Man,"[60,70)",Overig,Man,"[50,60)",50
Overig,Man,"[60,70)",Overig,Man,"[60,70)",10
Overig,Man,"[60,70)",Overig,Vrouw,"[0,20)",580
Overig,Man,"[60,70)",Overig,Vrouw,"[20,30)",600
Overig,Man,"[60,70)",Overig,Vrouw,"[30,40)",240
Overig,Man,"[60,70)",Overig,Vrouw,"[40,50)",790
Overig,Man,"[60,70)",Overig,Vrouw,"[50,60)",7460
Overig,Man,"[60,70)",Overig,Vrouw,"[60,70)",10540
Overig,Man,"[60,70)",Overig,Vrouw,"[70,80)",3120
Overig,Man,"[60,70)",Surinaams,Vrouw,"[50,60)",10
Overig,Man,"[60,70)",Surinaams,Vrouw,"[60,70)",10
Overig,Man,"[70,80)",Autochtoon,Vrouw,"[50,60)",70
Overig,Man,"[70,80)",Autochtoon,Vrouw,"[60,70)",1770
Overig,Man,"[70,80)",Autochtoon,Vrouw,"[70,80)",38750
Overig,Man,"[70,80)",Overig,Man,"[0,20)",80
Overig,Man,"[70,80)",Overig,Man,"[20,30)",20
Overig,Man,"[70,80)",Overig,Vrouw,"[0,20)",30
Overig,Man,"[70,80)",Overig,Vrouw,"[20,30)",30
Overig,Man,"[70,80)",Overig,Vrouw,"[30,40)",10
Overig,Man,"[70,80)",Overig,Vrouw,"[40,50)",10
Overig,Man,"[70,80)",Overig,Vrouw,"[50,60)",20
Overig,Man,"[70,80)",Overig,Vrouw,"[60,70)",9460
Overig,Man,"[70,80)",Overig,Vrouw,"[70,80)",10140
Overig,Vrouw,"[0,20)",Autochtoon,Man,"[0,20)",180
Overig,Vrouw,"[0,20)",Autochtoon,Man,"[20,30)",60
Overig,Vrouw,"[0,20)",Autochtoon,Man,"[30,40)",1030
Overig,Vrouw,"[0,20)",Autochtoon,Man,"[40,50)",1860
Overig,Vrouw,"[0,20)",Autochtoon,Man,"[50,60)",1140
Overig,Vrouw,"[0,20)",Autochtoon,Man,"[60,70)",200
Overig,Vrouw,"[0,20)",Autochtoon,Vrouw,"[0,20)",160
Overig,Vrouw,"[0,20)",Autochtoon,Vrouw,"[20,30)",120
Overig,Vrouw,"[0,20)",Autochtoon,Vrouw,"[30,40)",1090
Overig,Vrouw,"[0,20)",Autochtoon,Vrouw,"[40,50)",1640
Overig,Vrouw,"[0,20)",Autochtoon,Vrouw,"[50,60)",660
Overig,Vrouw,"[0,20)",Autochtoon,Vrouw,"[60,70)",30
Overig,Vrouw,"[0,20)",Marokkaans,Man,"[0,20)",60
Overig,Vrouw,"[0,20)",Marokkaans,Man,"[20,30)",40
Overig,Vrouw,"[0,20)",Marokkaans,Man,"[30,40)",90
Overig,Vrouw,"[0,20)",Marokkaans,Man,"[40,50)",110
Overig,Vrouw,"[0,20)",Marokkaans,Man,"[50,60)",50
Overig,Vrouw,"[0,20)",Marokkaans,Vrouw,"[0,20)",50
Overig,Vrouw,"[0,20)",Marokkaans,Vrouw,"[20,30)",30
Overig,Vrouw,"[0,20)",Marokkaans,Vrouw,"[30,40)",70
Overig,Vrouw,"[0,20)",Marokkaans,Vrouw,"[40,50)",40
Overig,Vrouw,"[0,20)",Overig,Man,"[0,20)",13960
Overig,Vrouw,"[0,20)",Overig,Man,"[20,30)",1300
Overig,Vrouw,"[0,20)",Overig,Man,"[30,40)",4900
Overig,Vrouw,"[0,20)",Overig,Man,"[40,50)",6940
Overig,Vrouw,"[0,20)",Overig,Man,"[50,60)",2840
Overig,Vrouw,"[0,20)",Overig,Man,"[60,70)",580
Overig,Vrouw,"[0,20)",Overig,Man,"[70,80)",30
Overig,Vrouw,"[0,20)",Overig,Vrouw,"[0,20)",13420
Overig,Vrouw,"[0,20)",Overig,Vrouw,"[20,30)",2600
Overig,Vrouw,"[0,20)",Overig,Vrouw,"[30,40)",8500
Overig,Vrouw,"[0,20)",Overig,Vrouw,"[40,50)",17180
Overig,Vrouw,"[0,20)",Overig,Vrouw,"[50,60)",2050
Overig,Vrouw,"[0,20)",Overig,Vrouw,"[60,70)",140
Overig,Vrouw,"[0,20)",Surinaams,Man,"[0,20)",40
Overig,Vrouw,"[0,20)",Surinaams,Man,"[20,30)",40
Overig,Vrouw,"[0,20)",Surinaams,Man,"[30,40)",110
Overig,Vrouw,"[0,20)",Surinaams,Man,"[40,50)",100
Overig,Vrouw,"[0,20)",Surinaams,Man,"[50,60)",60
Overig,Vrouw,"[0,20)",Surinaams,Vrouw,"[0,20)",40
Overig,Vrouw,"[0,20)",Surinaams,Vrouw,"[20,30)",60
Overig,Vrouw,"[0,20)",Surinaams,Vrouw,"[30,40)",150
Overig,Vrouw,"[0,20)",Surinaams,Vrouw,"[40,50)",110
Overig,Vrouw,"[0,20)",Surinaams,Vrouw,"[50,60)",20
Overig,Vrouw,"[0,20)",Turks,Man,"[0,20)",20
Overig,Vrouw,"[0,20)",Turks,Man,"[30,40)",70
Overig,Vrouw,"[0,20)",Turks,Man,"[40,50)",130
Overig,Vrouw,"[0,20)",Turks,Man,"[50,60)",10
Overig,Vrouw,"[0,20)",Turks,Vrouw,"[0,20)",20
Overig,Vrouw,"[0,20)",Turks,Vrouw,"[20,30)",10
Overig,Vrouw,"[0,20)",Turks,Vrouw,"[30,40)",30
Overig,Vrouw,"[20,30)",Autochtoon,Man,"[0,20)",330
Overig,Vrouw,"[20,30)",Autochtoon,Man,"[20,30)",5630
Overig,Vrouw,"[20,30)",Autochtoon,Man,"[30,40)",3250
Overig,Vrouw,"[20,30)",Autochtoon,Man,"[40,50)",1740
Overig,Vrouw,"[20,30)",Autochtoon,Man,"[50,60)",280
Overig,Vrouw,"[20,30)",Autochtoon,Man,"[60,70)",3110
Overig,Vrouw,"[20,30)",Autochtoon,Vrouw,"[0,20)",360
Overig,Vrouw,"[20,30)",Autochtoon,Vrouw,"[20,30)",1600
Overig,Vrouw,"[20,30)",Autochtoon,Vrouw,"[30,40)",140
Overig,Vrouw,"[20,30)",Autochtoon,Vrouw,"[40,50)",80
Overig,Vrouw,"[20,30)",Autochtoon,Vrouw,"[50,60)",420
Overig,Vrouw,"[20,30)",Autochtoon,Vrouw,"[60,70)",160
Overig,Vrouw,"[20,30)",Marokkaans,Man,"[20,30)",60
Overig,Vrouw,"[20,30)",Marokkaans,Man,"[30,40)",80
Overig,Vrouw,"[20,30)",Marokkaans,Man,"[50,60)",10
Overig,Vrouw,"[20,30)",Overig,Man,"[0,20)",4400
Overig,Vrouw,"[20,30)",Overig,Man,"[20,30)",28130
Overig,Vrouw,"[20,30)",Overig,Man,"[30,40)",45170
Overig,Vrouw,"[20,30)",Overig,Man,"[40,50)",680
Overig,Vrouw,"[20,30)",Overig,Man,"[50,60)",3720
Overig,Vrouw,"[20,30)",Overig,Man,"[60,70)",600
Overig,Vrouw,"[20,30)",Overig,Man,"[70,80)",30
Overig,Vrouw,"[20,30)",Overig,Vrouw,"[0,20)",2600
Overig,Vrouw,"[20,30)",Overig,Vrouw,"[20,30)",2110
Overig,Vrouw,"[20,30)",Overig,Vrouw,"[30,40)",340
Overig,Vrouw,"[20,30)",Overig,Vrouw,"[40,50)",7210
Overig,Vrouw,"[20,30)",Overig,Vrouw,"[50,60)",1600
Overig,Vrouw,"[20,30)",Overig,Vrouw,"[60,70)",450
Overig,Vrouw,"[20,30)",Surinaams,Man,"[0,20)",20
Overig,Vrouw,"[20,30)",Surinaams,Man,"[20,30)",140
Overig,Vrouw,"[20,30)",Surinaams,Man,"[30,40)",70
Overig,Vrouw,"[20,30)",Surinaams,Man,"[40,50)",10
Overig,Vrouw,"[20,30)",Surinaams,Vrouw,"[0,20)",30
Overig,Vrouw,"[20,30)",Surinaams,Vrouw,"[20,30)",10
Overig,Vrouw,"[20,30)",Turks,Man,"[20,30)",60
Overig,Vrouw,"[20,30)",Turks,Man,"[30,40)",50
Overig,Vrouw,"[20,30)",Turks,Vrouw,"[20,30)",20
Overig,Vrouw,"[30,40)",Autochtoon,Man,"[0,20)",1860
Overig,Vrouw,"[30,40)",Autochtoon,Man,"[20,30)",410
Overig,Vrouw,"[30,40)",Autochtoon,Man,"[30,40)",11050
Overig,Vrouw,"[30,40)",Autochtoon,Man,"[40,50)",4410
Overig,Vrouw,"[30,40)",Autochtoon,Man,"[50,60)",960
Overig,Vrouw,"[30,40)",Autochtoon,Man,"[60,70)",50
Overig,Vrouw,"[30,40)",Autochtoon,Vrouw,"[0,20)",1910
Overig,Vrouw,"[30,40)",Autochtoon,Vrouw,"[20,30)",140
Overig,Vrouw,"[30,40)",Autochtoon,Vrouw,"[30,40)",1200
Overig,Vrouw,"[30,40)",Autochtoon,Vrouw,"[40,50)",130
Overig,Vrouw,"[30,40)",Autochtoon,Vrouw,"[60,70)",60
Overig,Vrouw,"[30,40)",Marokkaans,Man,"[0,20)",40
Overig,Vrouw,"[30,40)",Marokkaans,Man,"[20,30)",10
Overig,Vrouw,"[30,40)",Marokkaans,Man,"[30,40)",280
Overig,Vrouw,"[30,40)",Marokkaans,Man,"[40,50)",120
Overig,Vrouw,"[30,40)",Marokkaans,Vrouw,"[0,20)",50
Overig,Vrouw,"[30,40)",Overig,Man,"[0,20)",9620
Overig,Vrouw,"[30,40)",Overig,Man,"[20,30)",4040
Overig,Vrouw,"[30,40)",Overig,Man,"[30,40)",449440
Overig,Vrouw,"[30,40)",Overig,Man,"[40,50)",34070
Overig,Vrouw,"[30,40)",Overig,Man,"[50,60)",2520
Overig,Vrouw,"[30,40)",Overig,Man,"[60,70)",240
Overig,Vrouw,"[30,40)",Overig,Man,"[70,80)",10
Overig,Vrouw,"[30,40)",Overig,Vrouw,"[0,20)",8500
Overig,Vrouw,"[30,40)",Overig,Vrouw,"[20,30)",340
Overig,Vrouw,"[30,40)",Overig,Vrouw,"[30,40)",243990
Overig,Vrouw,"[30,40)",Overig,Vrouw,"[40,50)",40
Overig,Vrouw,"[30,40)",Overig,Vrouw,"[50,60)",560
Overig,Vrouw,"[30,40)",Overig,Vrouw,"[60,70)",210
Overig,Vrouw,"[30,40)",Surinaams,Man,"[0,20)",60
Overig,Vrouw,"[30,40)",Surinaams,Man,"[20,30)",40
Overig,Vrouw,"[30,40)",Surinaams,Man,"[30,40)",310
Overig,Vrouw,"[30,40)",Surinaams,Man,"[40,50)",90
Overig,Vrouw,"[30,40)",Surinaams,Vrouw,"[0,20)",50
Overig,Vrouw,"[30,40)",Turks,Man,"[0,20)",10
Overig,Vrouw,"[30,40)",Turks,Man,"[30,40)",160
Overig,Vrouw,"[30,40)",Turks,Man,"[40,50)",1940
Overig,Vrouw,"[40,50)",Autochtoon,Man,"[0,20)",1810
Overig,Vrouw,"[40,50)",Autochtoon,Man,"[20,30)",80
Overig,Vrouw,"[40,50)",Autochtoon,Man,"[30,40)",1840
Overig,Vrouw,"[40,50)",Autochtoon,Man,"[40,50)",6460
Overig,Vrouw,"[40,50)",Autochtoon,Man,"[50,60)",7990
Overig,Vrouw,"[40,50)",Autochtoon,Man,"[60,70)",1120
Overig,Vrouw,"[40,50)",Autochtoon,Vrouw,"[0,20)",1560
Overig,Vrouw,"[40,50)",Autochtoon,Vrouw,"[20,30)",80
Overig,Vrouw,"[40,50)",Autochtoon,Vrouw,"[30,40)",40
Overig,Vrouw,"[40,50)",Autochtoon,Vrouw,"[40,50)",80
Overig,Vrouw,"[40,50)",Autochtoon,Vrouw,"[50,60)",10
Overig,Vrouw,"[40,50)",Marokkaans,Man,"[50,60)",10
Overig,Vrouw,"[40,50)",Overig,Man,"[0,20)",12740
Overig,Vrouw,"[40,50)",Overig,Man,"[20,30)",1040
Overig,Vrouw,"[40,50)",Overig,Man,"[30,40)",9560
Overig,Vrouw,"[40,50)",Overig,Man,"[40,50)",27120
Overig,Vrouw,"[40,50)",Overig,Man,"[50,60)",30650
Overig,Vrouw,"[40,50)",Overig,Man,"[60,70)",790
Overig,Vrouw,"[40,50)",Overig,Man,"[70,80)",10
Overig,Vrouw,"[40,50)",Overig,Vrouw,"[0,20)",17180
Overig,Vrouw,"[40,50)",Overig,Vrouw,"[20,30)",7210
Overig,Vrouw,"[40,50)",Overig,Vrouw,"[30,40)",40
Overig,Vrouw,"[40,50)",Overig,Vrouw,"[40,50)",60
Overig,Vrouw,"[40,50)",Overig,Vrouw,"[50,60)",20
Overig,Vrouw,"[40,50)",Overig,Vrouw,"[60,70)",70
Overig,Vrouw,"[40,50)",Surinaams,Man,"[0,20)",80
Overig,Vrouw,"[40,50)",Surinaams,Man,"[30,40)",10
Overig,Vrouw,"[40,50)",Surinaams,Man,"[40,50)",250
Overig,Vrouw,"[40,50)",Surinaams,Man,"[50,60)",240
Overig,Vrouw,"[40,50)",Surinaams,Vrouw,"[0,20)",50
Overig,Vrouw,"[40,50)",Turks,Man,"[40,50)",1500
Overig,Vrouw,"[50,60)",Autochtoon,Man,"[0,20)",840
Overig,Vrouw,"[50,60)",Autochtoon,Man,"[20,30)",340
Overig,Vrouw,"[50,60)",Autochtoon,Man,"[30,40)",40
Overig,Vrouw,"[50,60)",Autochtoon,Man,"[40,50)",670
Overig,Vrouw,"[50,60)",Autochtoon,Man,"[50,60)",9720
Overig,Vrouw,"[50,60)",Autochtoon,Man,"[60,70)",9990
Overig,Vrouw,"[50,60)",Autochtoon,Man,"[70,80)",1340
Overig,Vrouw,"[50,60)",Autochtoon,Vrouw,"[0,20)",700
Overig,Vrouw,"[50,60)",Autochtoon,Vrouw,"[20,30)",330
Overig,Vrouw,"[50,60)",Autochtoon,Vrouw,"[30,40)",10
Overig,Vrouw,"[50,60)",Autochtoon,Vrouw,"[40,50)",10
Overig,Vrouw,"[50,60)",Autochtoon,Vrouw,"[50,60)",330
Overig,Vrouw,"[50,60)",Autochtoon,Vrouw,"[60,70)",40
Overig,Vrouw,"[50,60)",Marokkaans,Man,"[50,60)",510
Overig,Vrouw,"[50,60)",Marokkaans,Man,"[60,70)",10
Overig,Vrouw,"[50,60)",Overig,Man,"[0,20)",53040
Overig,Vrouw,"[50,60)",Overig,Man,"[20,30)",1950
Overig,Vrouw,"[50,60)",Overig,Man,"[30,40)",540
Overig,Vrouw,"[50,60)",Overig,Man,"[40,50)",420
Overig,Vrouw,"[50,60)",Overig,Man,"[50,60)",46650
Overig,Vrouw,"[50,60)",Overig,Man,"[60,70)",7460
Overig,Vrouw,"[50,60)",Overig,Man,"[70,80)",20
Overig,Vrouw,"[50,60)",Overig,Vrouw,"[0,20)",2050
Overig,Vrouw,"[50,60)",Overig,Vrouw,"[20,30)",1600
Overig,Vrouw,"[50,60)",Overig,Vrouw,"[30,40)",560
Overig,Vrouw,"[50,60)",Overig,Vrouw,"[40,50)",20
Overig,Vrouw,"[50,60)",Surinaams,Man,"[50,60)",110
Overig,Vrouw,"[50,60)",Surinaams,Man,"[60,70)",10
Overig,Vrouw,"[60,70)",Autochtoon,Man,"[0,20)",80
Overig,Vrouw,"[60,70)",Autochtoon,Man,"[20,30)",70
Overig,Vrouw,"[60,70)",Autochtoon,Man,"[30,40)",40
Overig,Vrouw,"[60,70)",Autochtoon,Man,"[40,50)",50
Overig,Vrouw,"[60,70)",Autochtoon,Man,"[50,60)",1270
Overig,Vrouw,"[60,70)",Autochtoon,Man,"[60,70)",15450
Overig,Vrouw,"[60,70)",Autochtoon,Man,"[70,80)",10210
Overig,Vrouw,"[60,70)",Autochtoon,Vrouw,"[0,20)",100
Overig,Vrouw,"[60,70)",Autochtoon,Vrouw,"[20,30)",110
Overig,Vrouw,"[60,70)",Autochtoon,Vrouw,"[60,70)",460
Overig,Vrouw,"[60,70)",Overig,Man,"[0,20)",130
Overig,Vrouw,"[60,70)",Overig,Man,"[20,30)",990
Overig,Vrouw,"[60,70)",Overig,Man,"[30,40)",1010
Overig,Vrouw,"[60,70)",Overig,Man,"[40,50)",60
Overig,Vrouw,"[60,70)",Overig,Man,"[50,60)",840
Overig,Vrouw,"[60,70)",Overig,Man,"[60,70)",10540
Overig,Vrouw,"[60,70)",Overig,Man,"[70,80)",9460
Overig,Vrouw,"[60,70)",Overig,Vrouw,"[0,20)",140
Overig,Vrouw,"[60,70)",Overig,Vrouw,"[20,30)",450
Overig,Vrouw,"[60,70)",Overig,Vrouw,"[30,40)",210
Overig,Vrouw,"[60,70)",Overig,Vrouw,"[40,50)",70
Overig,Vrouw,"[60,70)",Surinaams,Man,"[60,70)",10
Overig,Vrouw,"[70,80)",Autochtoon,Man,"[60,70)",7250
Overig,Vrouw,"[70,80)",Autochtoon,Man,"[70,80)",49920
Overig,Vrouw,"[70,80)",Overig,Man,"[0,20)",10
Overig,Vrouw,"[70,80)",Overig,Man,"[30,40)",10
Overig,Vrouw,"[70,80)",Overig,Man,"[60,70)",3120
Overig,Vrouw,"[70,80)",Overig,Man,"[70,80)",10140
Surinaams,Man,"[0,20)",Autochtoon,Man,"[0,20)",160
Surinaams,Man,"[0,20)",Autochtoon,Man,"[20,30)",20
Surinaams,Man,"[0,20)",Autochtoon,Man,"[30,40)",40
Surinaams,Man,"[0,20)",Autochtoon,Man,"[40,50)",80
Surinaams,Man,"[0,20)",Autochtoon,Man,"[50,60)",70
Surinaams,Man,"[0,20)",Autochtoon,Vrouw,"[0,20)",190
Surinaams,Man,"[0,20)",Autochtoon,Vrouw,"[20,30)",30
Surinaams,Man,"[0,20)",Autochtoon,Vrouw,"[30,40)",130
Surinaams,Man,"[0,20)",Autochtoon,Vrouw,"[40,50)",220
Surinaams,Man,"[0,20)",Autochtoon,Vrouw,"[50,60)",80
Surinaams,Man,"[0,20)",Marokkaans,Man,"[20,30)",10
Surinaams,Man,"[0,20)",Overig,Man,"[0,20)",50
Surinaams,Man,"[0,20)",Overig,Man,"[30,40)",50
Surinaams,Man,"[0,20)",Overig,Man,"[40,50)",80
Surinaams,Man,"[0,20)",Overig,Man,"[50,60)",70
Surinaams,Man,"[0,20)",Overig,Vrouw,"[0,20)",40
Surinaams,Man,"[0,20)",Overig,Vrouw,"[20,30)",20
Surinaams,Man,"[0,20)",Overig,Vrouw,"[30,40)",60
Surinaams,Man,"[0,20)",Overig,Vrouw,"[40,50)",80
Surinaams,Man,"[0,20)",Surinaams,Man,"[0,20)",2860
Surinaams,Man,"[0,20)",Surinaams,Man,"[20,30)",650
Surinaams,Man,"[0,20)",Surinaams,Man,"[30,40)",360
Surinaams,Man,"[0,20)",Surinaams,Man,"[40,50)",630
Surinaams,Man,"[0,20)",Surinaams,Man,"[50,60)",510
Surinaams,Man,"[0,20)",Surinaams,Man,"[60,70)",110
Surinaams,Man,"[0,20)",Surinaams,Vrouw,"[0,20)",2730
Surinaams,Man,"[0,20)",Surinaams,Vrouw,"[20,30)",710
Surinaams,Man,"[0,20)",Surinaams,Vrouw,"[30,40)",1430
Surinaams,Man,"[0,20)",Surinaams,Vrouw,"[40,50)",2110
Surinaams,Man,"[0,20)",Surinaams,Vrouw,"[50,60)",890
Surinaams,Man,"[0,20)",Surinaams,Vrouw,"[60,70)",100
Surinaams,Man,"[20,30)",Autochtoon,Man,"[0,20)",190
Surinaams,Man,"[20,30)",Autochtoon,Man,"[20,30)",80
Surinaams,Man,"[20,30)",Autochtoon,Man,"[30,40)",10
Surinaams,Man,"[20,30)",Autochtoon,Man,"[50,60)",40
Surinaams,Man,"[20,30)",Autochtoon,Vrouw,"[0,20)",170
Surinaams,Man,"[20,30)",Autochtoon,Vrouw,"[20,30)",250
Surinaams,Man,"[20,30)",Autochtoon,Vrouw,"[30,40)",20
Surinaams,Man,"[20,30)",Autochtoon,Vrouw,"[40,50)",40
Surinaams,Man,"[20,30)",Autochtoon,Vrouw,"[50,60)",50
Surinaams,Man,"[20,30)",Marokkaans,Man,"[20,30)",20
Surinaams,Man,"[20,30)",Marokkaans,Vrouw,"[20,30)",10
Surinaams,Man,"[20,30)",Overig,Man,"[0,20)",30
Surinaams,Man,"[20,30)",Overig,Man,"[20,30)",40
Surinaams,Man,"[20,30)",Overig,Man,"[50,60)",10
Surinaams,Man,"[20,30)",Overig,Vrouw,"[0,20)",40
Surinaams,Man,"[20,30)",Overig,Vrouw,"[20,30)",140
Surinaams,Man,"[20,30)",Overig,Vrouw,"[30,40)",40
Surinaams,Man,"[20,30)",Surinaams,Man,"[0,20)",650
Surinaams,Man,"[20,30)",Surinaams,Man,"[20,30)",830
Surinaams,Man,"[20,30)",Surinaams,Man,"[30,40)",250
Surinaams,Man,"[20,30)",Surinaams,Man,"[40,50)",180
Surinaams,Man,"[20,30)",Surinaams,Man,"[50,60)",550
Surinaams,Man,"[20,30)",Surinaams,Man,"[60,70)",290
Surinaams,Man,"[20,30)",Surinaams,Vrouw,"[0,20)",640
Surinaams,Man,"[20,30)",Surinaams,Vrouw,"[20,30)",780
Surinaams,Man,"[20,30)",Surinaams,Vrouw,"[30,40)",190
Surinaams,Man,"[20,30)",Surinaams,Vrouw,"[40,50)",590
Surinaams,Man,"[20,30)",Surinaams,Vrouw,"[50,60)",1360
Surinaams,Man,"[20,30)",Surinaams,Vrouw,"[60,70)",240
Surinaams,Man,"[30,40)",Autochtoon,Man,"[0,20)",480
Surinaams,Man,"[30,40)",Autochtoon,Man,"[20,30)",10
Surinaams,Man,"[30,40)",Autochtoon,Man,"[30,40)",20
Surinaams,Man,"[30,40)",Autochtoon,Man,"[40,50)",10
Surinaams,Man,"[30,40)",Autochtoon,Vrouw,"[0,20)",520
Surinaams,Man,"[30,40)",Autochtoon,Vrouw,"[20,30)",220
Surinaams,Man,"[30,40)",Autochtoon,Vrouw,"[30,40)",450
Surinaams,Man,"[30,40)",Autochtoon,Vrouw,"[40,50)",10
Surinaams,Man,"[30,40)",Marokkaans,Vrouw,"[30,40)",40
Surinaams,Man,"[30,40)",Overig,Man,"[0,20)",100
Surinaams,Man,"[30,40)",Overig,Man,"[30,40)",10
Surinaams,Man,"[30,40)",Overig,Man,"[40,50)",10
Surinaams,Man,"[30,40)",Overig,Vrouw,"[0,20)",110
Surinaams,Man,"[30,40)",Overig,Vrouw,"[20,30)",70
Surinaams,Man,"[30,40)",Overig,Vrouw,"[30,40)",310
Surinaams,Man,"[30,40)",Overig,Vrouw,"[40,50)",10
Surinaams,Man,"[30,40)",Surinaams,Man,"[0,20)",360
Surinaams,Man,"[30,40)",Surinaams,Man,"[20,30)",250
Surinaams,Man,"[30,40)",Surinaams,Man,"[30,40)",340
Surinaams,Man,"[30,40)",Surinaams,Man,"[40,50)",20
Surinaams,Man,"[30,40)",Surinaams,Man,"[50,60)",150
Surinaams,Man,"[30,40)",Surinaams,Man,"[60,70)",140
Surinaams,Man,"[30,40)",Surinaams,Vrouw,"[0,20)",350
Surinaams,Man,"[30,40)",Surinaams,Vrouw,"[20,30)",430
Surinaams,Man,"[30,40)",Surinaams,Vrouw,"[30,40)",1000
Surinaams,Man,"[30,40)",Surinaams,Vrouw,"[40,50)",100
Surinaams,Man,"[30,40)",Surinaams,Vrouw,"[50,60)",550
Surinaams,Man,"[30,40)",Surinaams,Vrouw,"[60,70)",500
Surinaams,Man,"[40,50)",Autochtoon,Man,"[0,20)",290
Surinaams,Man,"[40,50)",Autochtoon,Man,"[40,50)",10
Surinaams,Man,"[40,50)",Autochtoon,Vrouw,"[0,20)",310
Surinaams,Man,"[40,50)",Autochtoon,Vrouw,"[30,40)",170
Surinaams,Man,"[40,50)",Autochtoon,Vrouw,"[40,50)",610
Surinaams,Man,"[40,50)",Autochtoon,Vrouw,"[50,60)",60
Surinaams,Man,"[40,50)",Overig,Man,"[0,20)",130
Surinaams,Man,"[40,50)",Overig,Vrouw,"[0,20)",100
Surinaams,Man,"[40,50)",Overig,Vrouw,"[20,30)",10
Surinaams,Man,"[40,50)",Overig,Vrouw,"[30,40)",90
Surinaams,Man,"[40,50)",Overig,Vrouw,"[40,50)",250
Surinaams,Man,"[40,50)",Surinaams,Man,"[0,20)",630
Surinaams,Man,"[40,50)",Surinaams,Man,"[20,30)",180
Surinaams,Man,"[40,50)",Surinaams,Man,"[30,40)",20
Surinaams,Man,"[40,50)",Surinaams,Man,"[40,50)",150
Surinaams,Man,"[40,50)",Surinaams,Man,"[50,60)",30
Surinaams,Man,"[40,50)",Surinaams,Man,"[60,70)",40
Surinaams,Man,"[40,50)",Surinaams,Vrouw,"[0,20)",600
Surinaams,Man,"[40,50)",Surinaams,Vrouw,"[20,30)",100
Surinaams,Man,"[40,50)",Surinaams,Vrouw,"[30,40)",700
Surinaams,Man,"[40,50)",Surinaams,Vrouw,"[40,50)",1960
Surinaams,Man,"[40,50)",Surinaams,Vrouw,"[50,60)",720
Surinaams,Man,"[40,50)",Surinaams,Vrouw,"[60,70)",640
Surinaams,Man,"[50,60)",Autochtoon,Man,"[0,20)",70
Surinaams,Man,"[50,60)",Autochtoon,Vrouw,"[0,20)",80
Surinaams,Man,"[50,60)",Autochtoon,Vrouw,"[40,50)",210
Surinaams,Man,"[50,60)",Autochtoon,Vrouw,"[50,60)",1250
Surinaams,Man,"[50,60)",Overig,Man,"[0,20)",160
Surinaams,Man,"[50,60)",Overig,Vrouw,"[0,20)",60
Surinaams,Man,"[50,60)",Overig,Vrouw,"[40,50)",240
Surinaams,Man,"[50,60)",Overig,Vrouw,"[50,60)",110
Surinaams,Man,"[50,60)",Surinaams,Man,"[0,20)",510
Surinaams,Man,"[50,60)",Surinaams,Man,"[20,30)",550
Surinaams,Man,"[50,60)",Surinaams,Man,"[30,40)",150
Surinaams,Man,"[50,60)",Surinaams,Man,"[40,50)",30
Surinaams,Man,"[50,60)",Surinaams,Man,"[50,60)",80
Surinaams,Man,"[50,60)",Surinaams,Man,"[60,70)",10
Surinaams,Man,"[50,60)",Surinaams,Vrouw,"[0,20)",480
Surinaams,Man,"[50,60)",Surinaams,Vrouw,"[20,30)",410
Surinaams,Man,"[50,60)",Surinaams,Vrouw,"[30,40)",50
Surinaams,Man,"[50,60)",Surinaams,Vrouw,"[40,50)",570
Surinaams,Man,"[50,60)",Surinaams,Vrouw,"[50,60)",3250
Surinaams,Man,"[50,60)",Surinaams,Vrouw,"[60,70)",60
Surinaams,Man,"[60,70)",Autochtoon,Vrouw,"[0,20)",10
Surinaams,Man,"[60,70)",Autochtoon,Vrouw,"[40,50)",40
Surinaams,Man,"[60,70)",Autochtoon,Vrouw,"[60,70)",100
Surinaams,Man,"[60,70)",Overig,Vrouw,"[50,60)",10
Surinaams,Man,"[60,70)",Overig,Vrouw,"[60,70)",10
Surinaams,Man,"[60,70)",Surinaams,Man,"[0,20)",110
Surinaams,Man,"[60,70)",Surinaams,Man,"[20,30)",290
Surinaams,Man,"[60,70)",Surinaams,Man,"[30,40)",140
Surinaams,Man,"[60,70)",Surinaams,Man,"[40,50)",40
Surinaams,Man,"[60,70)",Surinaams,Man,"[50,60)",10
Surinaams,Man,"[60,70)",Surinaams,Vrouw,"[0,20)",140
Surinaams,Man,"[60,70)",Surinaams,Vrouw,"[20,30)",130
Surinaams,Man,"[60,70)",Surinaams,Vrouw,"[30,40)",60
Surinaams,Man,"[60,70)",Surinaams,Vrouw,"[40,50)",50
Surinaams,Man,"[60,70)",Surinaams,Vrouw,"[50,60)",1780
Surinaams,Man,"[60,70)",Surinaams,Vrouw,"[60,70)",4940
Surinaams,Man,"[70,80)",Surinaams,Vrouw,"[60,70)",1670
Surinaams,Man,"[70,80)",Surinaams,Vrouw,"[70,80)",350
Surinaams,Vrouw,"[0,20)",Autochtoon,Man,"[0,20)",120
Surinaams,Vrouw,"[0,20)",Autochtoon,Man,"[20,30)",10
Surinaams,Vrouw,"[0,20)",Autochtoon,Man,"[30,40)",20
Surinaams,Vrouw,"[0,20)",Autochtoon,Man,"[40,50)",90
Surinaams,Vrouw,"[0,20)",Autochtoon,Man,"[50,60)",60
Surinaams,Vrouw,"[0,20)",Autochtoon,Vrouw,"[0,20)",200
Surinaams,Vrouw,"[0,20)",Autochtoon,Vrouw,"[20,30)",20
Surinaams,Vrouw,"[0,20)",Autochtoon,Vrouw,"[30,40)",130
Surinaams,Vrouw,"[0,20)",Autochtoon,Vrouw,"[40,50)",170
Surinaams,Vrouw,"[0,20)",Autochtoon,Vrouw,"[50,60)",90
Surinaams,Vrouw,"[0,20)",Overig,Man,"[0,20)",50
Surinaams,Vrouw,"[0,20)",Overig,Man,"[20,30)",10
Surinaams,Vrouw,"[0,20)",Overig,Man,"[30,40)",90
Surinaams,Vrouw,"[0,20)",Overig,Man,"[40,50)",120
Surinaams,Vrouw,"[0,20)",Overig,Man,"[50,60)",30
Surinaams,Vrouw,"[0,20)",Overig,Vrouw,"[0,20)",40
Surinaams,Vrouw,"[0,20)",Overig,Vrouw,"[20,30)",30
Surinaams,Vrouw,"[0,20)",Overig,Vrouw,"[30,40)",50
Surinaams,Vrouw,"[0,20)",Overig,Vrouw,"[40,50)",50
Surinaams,Vrouw,"[0,20)",Surinaams,Man,"[0,20)",2730
Surinaams,Vrouw,"[0,20)",Surinaams,Man,"[20,30)",640
Surinaams,Vrouw,"[0,20)",Surinaams,Man,"[30,40)",350
Surinaams,Vrouw,"[0,20)",Surinaams,Man,"[40,50)",600
Surinaams,Vrouw,"[0,20)",Surinaams,Man,"[50,60)",480
Surinaams,Vrouw,"[0,20)",Surinaams,Man,"[60,70)",140
Surinaams,Vrouw,"[0,20)",Surinaams,Vrouw,"[0,20)",2580
Surinaams,Vrouw,"[0,20)",Surinaams,Vrouw,"[20,30)",730
Surinaams,Vrouw,"[0,20)",Surinaams,Vrouw,"[30,40)",1370
Surinaams,Vrouw,"[0,20)",Surinaams,Vrouw,"[40,50)",1790
Surinaams,Vrouw,"[0,20)",Surinaams,Vrouw,"[50,60)",950
Surinaams,Vrouw,"[0,20)",Surinaams,Vrouw,"[60,70)",150
Surinaams,Vrouw,"[20,30)",Autochtoon,Man,"[0,20)",610
Surinaams,Vrouw,"[20,30)",Autochtoon,Man,"[20,30)",210
Surinaams,Vrouw,"[20,30)",Autochtoon,Man,"[30,40)",140
Surinaams,Vrouw,"[20,30)",Autochtoon,Vrouw,"[0,20)",610
Surinaams,Vrouw,"[20,30)",Autochtoon,Vrouw,"[20,30)",70
Surinaams,Vrouw,"[20,30)",Autochtoon,Vrouw,"[40,50)",10
Surinaams,Vrouw,"[20,30)",Autochtoon,Vrouw,"[50,60)",70
Surinaams,Vrouw,"[20,30)",Marokkaans,Man,"[20,30)",10
Surinaams,Vrouw,"[20,30)",Overig,Man,"[0,20)",60
Surinaams,Vrouw,"[20,30)",Overig,Man,"[20,30)",100
Surinaams,Vrouw,"[20,30)",Overig,Man,"[30,40)",70
Surinaams,Vrouw,"[20,30)",Overig,Vrouw,"[0,20)",60
Surinaams,Vrouw,"[20,30)",Overig,Vrouw,"[20,30)",10
Surinaams,Vrouw,"[20,30)",Surinaams,Man,"[0,20)",710
Surinaams,Vrouw,"[20,30)",Surinaams,Man,"[20,30)",780
Surinaams,Vrouw,"[20,30)",Surinaams,Man,"[30,40)",430
Surinaams,Vrouw,"[20,30)",Surinaams,Man,"[40,50)",100
Surinaams,Vrouw,"[20,30)",Surinaams,Man,"[50,60)",410
Surinaams,Vrouw,"[20,30)",Surinaams,Man,"[60,70)",130
Surinaams,Vrouw,"[20,30)",Surinaams,Vrouw,"[0,20)",730
Surinaams,Vrouw,"[20,30)",Surinaams,Vrouw,"[20,30)",520
Surinaams,Vrouw,"[20,30)",Surinaams,Vrouw,"[30,40)",120
Surinaams,Vrouw,"[20,30)",Surinaams,Vrouw,"[40,50)",540
Surinaams,Vrouw,"[20,30)",Surinaams,Vrouw,"[50,60)",1290
Surinaams,Vrouw,"[20,30)",Surinaams,Vrouw,"[60,70)",330
Surinaams,Vrouw,"[30,40)",Autochtoon,Man,"[0,20)",1490
Surinaams,Vrouw,"[30,40)",Autochtoon,Man,"[20,30)",20
Surinaams,Vrouw,"[30,40)",Autochtoon,Man,"[30,40)",480
Surinaams,Vrouw,"[30,40)",Autochtoon,Man,"[40,50)",120
Surinaams,Vrouw,"[30,40)",Autochtoon,Vrouw,"[0,20)",1310
Surinaams,Vrouw,"[30,40)",Overig,Man,"[0,20)",160
Surinaams,Vrouw,"[30,40)",Overig,Man,"[20,30)",10
Surinaams,Vrouw,"[30,40)",Overig,Man,"[30,40)",280
Surinaams,Vrouw,"[30,40)",Overig,Man,"[40,50)",100
Surinaams,Vrouw,"[30,40)",Overig,Vrouw,"[0,20)",150
Surinaams,Vrouw,"[30,40)",Surinaams,Man,"[0,20)",1430
Surinaams,Vrouw,"[30,40)",Surinaams,Man,"[20,30)",190
Surinaams,Vrouw,"[30,40)",Surinaams,Man,"[30,40)",1000
Surinaams,Vrouw,"[30,40)",Surinaams,Man,"[40,50)",700
Surinaams,Vrouw,"[30,40)",Surinaams,Man,"[50,60)",50
Surinaams,Vrouw,"[30,40)",Surinaams,Man,"[60,70)",60
Surinaams,Vrouw,"[30,40)",Surinaams,Vrouw,"[0,20)",1370
Surinaams,Vrouw,"[30,40)",Surinaams,Vrouw,"[20,30)",120
Surinaams,Vrouw,"[30,40)",Surinaams,Vrouw,"[30,40)",40
Surinaams,Vrouw,"[30,40)",Surinaams,Vrouw,"[50,60)",300
Surinaams,Vrouw,"[30,40)",Surinaams,Vrouw,"[60,70)",210
Surinaams,Vrouw,"[40,50)",Autochtoon,Man,"[0,20)",570
Surinaams,Vrouw,"[40,50)",Autochtoon,Man,"[20,30)",50
Surinaams,Vrouw,"[40,50)",Autochtoon,Man,"[30,40)",20
Surinaams,Vrouw,"[40,50)",Autochtoon,Man,"[40,50)",550
Surinaams,Vrouw,"[40,50)",Autochtoon,Man,"[50,60)",560
Surinaams,Vrouw,"[40,50)",Autochtoon,Vrouw,"[0,20)",590
Surinaams,Vrouw,"[40,50)",Autochtoon,Vrouw,"[20,30)",70
Surinaams,Vrouw,"[40,50)",Overig,Man,"[0,20)",100
Surinaams,Vrouw,"[40,50)",Overig,Man,"[30,40)",10
Surinaams,Vrouw,"[40,50)",Overig,Man,"[40,50)",210
Surinaams,Vrouw,"[40,50)",Overig,Man,"[50,60)",570
Surinaams,Vrouw,"[40,50)",Overig,Vrouw,"[0,20)",110
Surinaams,Vrouw,"[40,50)",Surinaams,Man,"[0,20)",2110
Surinaams,Vrouw,"[40,50)",Surinaams,Man,"[20,30)",590
Surinaams,Vrouw,"[40,50)",Surinaams,Man,"[30,40)",100
Surinaams,Vrouw,"[40,50)",Surinaams,Man,"[40,50)",1960
Surinaams,Vrouw,"[40,50)",Surinaams,Man,"[50,60)",570
Surinaams,Vrouw,"[40,50)",Surinaams,Man,"[60,70)",50
Surinaams,Vrouw,"[40,50)",Surinaams,Vrouw,"[0,20)",1790
Surinaams,Vrouw,"[40,50)",Surinaams,Vrouw,"[20,30)",540
Surinaams,Vrouw,"[50,60)",Autochtoon,Man,"[0,20)",250
Surinaams,Vrouw,"[50,60)",Autochtoon,Man,"[20,30)",10
Surinaams,Vrouw,"[50,60)",Autochtoon,Man,"[40,50)",20
Surinaams,Vrouw,"[50,60)",Autochtoon,Man,"[50,60)",2500
Surinaams,Vrouw,"[50,60)",Autochtoon,Man,"[60,70)",150
Surinaams,Vrouw,"[50,60)",Autochtoon,Vrouw,"[0,20)",220
Surinaams,Vrouw,"[50,60)",Overig,Man,"[0,20)",40
Surinaams,Vrouw,"[50,60)",Overig,Man,"[40,50)",10
Surinaams,Vrouw,"[50,60)",Overig,Man,"[50,60)",80
Surinaams,Vrouw,"[50,60)",Overig,Man,"[60,70)",10
Surinaams,Vrouw,"[50,60)",Overig,Vrouw,"[0,20)",20
Surinaams,Vrouw,"[50,60)",Surinaams,Man,"[0,20)",890
Surinaams,Vrouw,"[50,60)",Surinaams,Man,"[20,30)",1360
Surinaams,Vrouw,"[50,60)",Surinaams,Man,"[30,40)",550
Surinaams,Vrouw,"[50,60)",Surinaams,Man,"[40,50)",720
Surinaams,Vrouw,"[50,60)",Surinaams,Man,"[50,60)",3250
Surinaams,Vrouw,"[50,60)",Surinaams,Man,"[60,70)",1780
Surinaams,Vrouw,"[50,60)",Surinaams,Vrouw,"[0,20)",950
Surinaams,Vrouw,"[50,60)",Surinaams,Vrouw,"[20,30)",1290
Surinaams,Vrouw,"[50,60)",Surinaams,Vrouw,"[30,40)",300
Surinaams,Vrouw,"[60,70)",Autochtoon,Man,"[0,20)",60
Surinaams,Vrouw,"[60,70)",Autochtoon,Man,"[60,70)",310
Surinaams,Vrouw,"[60,70)",Autochtoon,Vrouw,"[0,20)",90
Surinaams,Vrouw,"[60,70)",Overig,Man,"[60,70)",10
Surinaams,Vrouw,"[60,70)",Surinaams,Man,"[0,20)",100
Surinaams,Vrouw,"[60,70)",Surinaams,Man,"[20,30)",240
Surinaams,Vrouw,"[60,70)",Surinaams,Man,"[30,40)",500
Surinaams,Vrouw,"[60,70)",Surinaams,Man,"[40,50)",640
Surinaams,Vrouw,"[60,70)",Surinaams,Man,"[50,60)",60
Surinaams,Vrouw,"[60,70)",Surinaams,Man,"[60,70)",4940
Surinaams,Vrouw,"[60,70)",Surinaams,Man,"[70,80)",1670
Surinaams,Vrouw,"[60,70)",Surinaams,Vrouw,"[0,20)",150
Surinaams,Vrouw,"[60,70)",Surinaams,Vrouw,"[20,30)",330
Surinaams,Vrouw,"[60,70)",Surinaams,Vrouw,"[30,40)",210
Surinaams,Vrouw,"[70,80)",Surinaams,Man,"[70,80)",350
Turks,Man,"[0,20)",Autochtoon,Man,"[0,20)",20
Turks,Man,"[0,20)",Autochtoon,Man,"[30,40)",20
Turks,Man,"[0,20)",Autochtoon,Man,"[40,50)",190
Turks,Man,"[0,20)",Autochtoon,Man,"[50,60)",10
Turks,Man,"[0,20)",Autochtoon,Vrouw,"[0,20)",20
Turks,Man,"[0,20)",Autochtoon,Vrouw,"[40,50)",30
Turks,Man,"[0,20)",Overig,Man,"[0,20)",20
Turks,Man,"[0,20)",Overig,Man,"[40,50)",10
Turks,Man,"[0,20)",Overig,Vrouw,"[0,20)",20
Turks,Man,"[0,20)",Overig,Vrouw,"[30,40)",10
Turks,Man,"[0,20)",Turks,Man,"[0,20)",3560
Turks,Man,"[0,20)",Turks,Man,"[20,30)",710
Turks,Man,"[0,20)",Turks,Man,"[30,40)",1640
Turks,Man,"[0,20)",Turks,Man,"[40,50)",1920
Turks,Man,"[0,20)",Turks,Man,"[50,60)",720
Turks,Man,"[0,20)",Turks,Man,"[60,70)",40
Turks,Man,"[0,20)",Turks,Vrouw,"[0,20)",3510
Turks,Man,"[0,20)",Turks,Vrouw,"[20,30)",1310
Turks,Man,"[0,20)",Turks,Vrouw,"[30,40)",2640
Turks,Man,"[0,20)",Turks,Vrouw,"[40,50)",2050
Turks,Man,"[0,20)",Turks,Vrouw,"[50,60)",560
Turks,Man,"[0,20)",Turks,Vrouw,"[60,70)",70
Turks,Man,"[20,30)",Autochtoon,Man,"[0,20)",120
Turks,Man,"[20,30)",Autochtoon,Man,"[20,30)",10
Turks,Man,"[20,30)",Autochtoon,Vrouw,"[0,20)",120
Turks,Man,"[20,30)",Autochtoon,Vrouw,"[20,30)",60
Turks,Man,"[20,30)",Overig,Vrouw,"[20,30)",60
Turks,Man,"[20,30)",Turks,Man,"[0,20)",710
Turks,Man,"[20,30)",Turks,Man,"[20,30)",550
Turks,Man,"[20,30)",Turks,Man,"[30,40)",170
Turks,Man,"[20,30)",Turks,Man,"[40,50)",480
Turks,Man,"[20,30)",Turks,Man,"[50,60)",910
Turks,Man,"[20,30)",Turks,Man,"[60,70)",70
Turks,Man,"[20,30)",Turks,Vrouw,"[0,20)",850
Turks,Man,"[20,30)",Turks,Vrouw,"[20,30)",2120
Turks,Man,"[20,30)",Turks,Vrouw,"[30,40)",190
Turks,Man,"[20,30)",Turks,Vrouw,"[40,50)",920
Turks,Man,"[20,30)",Turks,Vrouw,"[50,60)",790
Turks,Man,"[20,30)",Turks,Vrouw,"[60,70)",40
Turks,Man,"[30,40)",Autochtoon,Man,"[0,20)",550
Turks,Man,"[30,40)",Autochtoon,Vrouw,"[0,20)",420
Turks,Man,"[30,40)",Autochtoon,Vrouw,"[20,30)",30
Turks,Man,"[30,40)",Autochtoon,Vrouw,"[30,40)",90
Turks,Man,"[30,40)",Marokkaans,Vrouw,"[30,40)",10
Turks,Man,"[30,40)",Overig,Man,"[0,20)",70
Turks,Man,"[30,40)",Overig,Vrouw,"[0,20)",70
Turks,Man,"[30,40)",Overig,Vrouw,"[20,30)",50
Turks,Man,"[30,40)",Overig,Vrouw,"[30,40)",160
Turks,Man,"[30,40)",Turks,Man,"[0,20)",1640
Turks,Man,"[30,40)",Turks,Man,"[20,30)",170
Turks,Man,"[30,40)",Turks,Man,"[30,40)",80
Turks,Man,"[30,40)",Turks,Man,"[50,60)",140
Turks,Man,"[30,40)",Turks,Man,"[60,70)",70
Turks,Man,"[30,40)",Turks,Vrouw,"[0,20)",1620
Turks,Man,"[30,40)",Turks,Vrouw,"[20,30)",1320
Turks,Man,"[30,40)",Turks,Vrouw,"[30,40)",5770
Turks,Man,"[30,40)",Turks,Vrouw,"[40,50)",380
Turks,Man,"[30,40)",Turks,Vrouw,"[50,60)",170
Turks,Man,"[30,40)",Turks,Vrouw,"[60,70)",900
Turks,Man,"[40,50)",Autochtoon,Man,"[0,20)",90
Turks,Man,"[40,50)",Autochtoon,Vrouw,"[0,20)",120
Turks,Man,"[40,50)",Autochtoon,Vrouw,"[30,40)",20
Turks,Man,"[40,50)",Autochtoon,Vrouw,"[40,50)",40
Turks,Man,"[40,50)",Overig,Man,"[0,20)",90
Turks,Man,"[40,50)",Overig,Vrouw,"[0,20)",130
Turks,Man,"[40,50)",Overig,Vrouw,"[30,40)",1940
Turks,Man,"[40,50)",Overig,Vrouw,"[40,50)",1500
Turks,Man,"[40,50)",Turks,Man,"[0,20)",1920
Turks,Man,"[40,50)",Turks,Man,"[20,30)",480
Turks,Man,"[40,50)",Turks,Vrouw,"[0,20)",1930
Turks,Man,"[40,50)",Turks,Vrouw,"[20,30)",15330
Turks,Man,"[40,50)",Turks,Vrouw,"[30,40)",4500
Turks,Man,"[40,50)",Turks,Vrouw,"[40,50)",6000
Turks,Man,"[40,50)",Turks,Vrouw,"[50,60)",830
Turks,Man,"[50,60)",Autochtoon,Man,"[0,20)",10
Turks,Man,"[50,60)",Autochtoon,Vrouw,"[0,20)",10
Turks,Man,"[50,60)",Autochtoon,Vrouw,"[50,60)",10
Turks,Man,"[50,60)",Overig,Man,"[0,20)",20
Turks,Man,"[50,60)",Overig,Vrouw,"[0,20)",10
Turks,Man,"[50,60)",Turks,Man,"[0,20)",720
Turks,Man,"[50,60)",Turks,Man,"[20,30)",910
Turks,Man,"[50,60)",Turks,Man,"[30,40)",140
Turks,Man,"[50,60)",Turks,Vrouw,"[0,20)",680
Turks,Man,"[50,60)",Turks,Vrouw,"[20,30)",610
Turks,Man,"[50,60)",Turks,Vrouw,"[30,40)",1160
Turks,Man,"[50,60)",Turks,Vrouw,"[40,50)",2250
Turks,Man,"[50,60)",Turks,Vrouw,"[50,60)",10200
Turks,Man,"[50,60)",Turks,Vrouw,"[60,70)",40
Turks,Man,"[60,70)",Turks,Man,"[0,20)",40
Turks,Man,"[60,70)",Turks,Man,"[20,30)",70
Turks,Man,"[60,70)",Turks,Man,"[30,40)",70
Turks,Man,"[60,70)",Turks,Vrouw,"[0,20)",40
Turks,Man,"[60,70)",Turks,Vrouw,"[20,30)",100
Turks,Man,"[60,70)",Turks,Vrouw,"[30,40)",10
Turks,Man,"[60,70)",Turks,Vrouw,"[40,50)",90
Turks,Man,"[60,70)",Turks,Vrouw,"[50,60)",400
Turks,Man,"[60,70)",Turks,Vrouw,"[60,70)",1270
Turks,Man,"[60,70)",Turks,Vrouw,"[70,80)",20
Turks,Man,"[70,80)",Turks,Vrouw,"[60,70)",7120
Turks,Man,"[70,80)",Turks,Vrouw,"[70,80)",22850
Turks,Vrouw,"[0,20)",Autochtoon,Man,"[0,20)",30
Turks,Vrouw,"[0,20)",Autochtoon,Man,"[30,40)",20
Turks,Vrouw,"[0,20)",Autochtoon,Man,"[40,50)",20
Turks,Vrouw,"[0,20)",Autochtoon,Vrouw,"[0,20)",20
Turks,Vrouw,"[0,20)",Autochtoon,Vrouw,"[30,40)",20
Turks,Vrouw,"[0,20)",Autochtoon,Vrouw,"[40,50)",50
Turks,Vrouw,"[0,20)",Overig,Man,"[0,20)",20
Turks,Vrouw,"[0,20)",Overig,Man,"[40,50)",10
Turks,Vrouw,"[0,20)",Overig,Vrouw,"[0,20)",20
Turks,Vrouw,"[0,20)",Turks,Man,"[0,20)",3510
Turks,Vrouw,"[0,20)",Turks,Man,"[20,30)",850
Turks,Vrouw,"[0,20)",Turks,Man,"[30,40)",1620
Turks,Vrouw,"[0,20)",Turks,Man,"[40,50)",1930
Turks,Vrouw,"[0,20)",Turks,Man,"[50,60)",680
Turks,Vrouw,"[0,20)",Turks,Man,"[60,70)",40
Turks,Vrouw,"[0,20)",Turks,Vrouw,"[0,20)",3480
Turks,Vrouw,"[0,20)",Turks,Vrouw,"[20,30)",1250
Turks,Vrouw,"[0,20)",Turks,Vrouw,"[30,40)",2310
Turks,Vrouw,"[0,20)",Turks,Vrouw,"[40,50)",1800
Turks,Vrouw,"[0,20)",Turks,Vrouw,"[50,60)",440
Turks,Vrouw,"[0,20)",Turks,Vrouw,"[60,70)",30
Turks,Vrouw,"[20,30)",Autochtoon,Man,"[0,20)",210
Turks,Vrouw,"[20,30)",Autochtoon,Man,"[20,30)",40
Turks,Vrouw,"[20,30)",Autochtoon,Man,"[30,40)",10
Turks,Vrouw,"[20,30)",Autochtoon,Vrouw,"[0,20)",220
Turks,Vrouw,"[20,30)",Autochtoon,Vrouw,"[20,30)",20
Turks,Vrouw,"[20,30)",Overig,Man,"[20,30)",20
Turks,Vrouw,"[20,30)",Overig,Man,"[30,40)",10
Turks,Vrouw,"[20,30)",Overig,Vrouw,"[0,20)",10
Turks,Vrouw,"[20,30)",Overig,Vrouw,"[20,30)",20
Turks,Vrouw,"[20,30)",Turks,Man,"[0,20)",1310
Turks,Vrouw,"[20,30)",Turks,Man,"[20,30)",2120
Turks,Vrouw,"[20,30)",Turks,Man,"[30,40)",1320
Turks,Vrouw,"[20,30)",Turks,Man,"[40,50)",15330
Turks,Vrouw,"[20,30)",Turks,Man,"[50,60)",610
Turks,Vrouw,"[20,30)",Turks,Man,"[60,70)",100
Turks,Vrouw,"[20,30)",Turks,Vrouw,"[0,20)",1250
Turks,Vrouw,"[20,30)",Turks,Vrouw,"[20,30)",420
Turks,Vrouw,"[20,30)",Turks,Vrouw,"[30,40)",130
Turks,Vrouw,"[20,30)",Turks,Vrouw,"[40,50)",700
Turks,Vrouw,"[20,30)",Turks,Vrouw,"[50,60)",600
Turks,Vrouw,"[20,30)",Turks,Vrouw,"[60,70)",50
Turks,Vrouw,"[30,40)",Autochtoon,Man,"[0,20)",580
Turks,Vrouw,"[30,40)",Autochtoon,Man,"[30,40)",120
Turks,Vrouw,"[30,40)",Autochtoon,Man,"[40,50)",30
Turks,Vrouw,"[30,40)",Autochtoon,Vrouw,"[0,20)",550
Turks,Vrouw,"[30,40)",Overig,Man,"[0,20)",50
Turks,Vrouw,"[30,40)",Overig,Man,"[30,40)",140
Turks,Vrouw,"[30,40)",Overig,Vrouw,"[0,20)",30
Turks,Vrouw,"[30,40)",Turks,Man,"[0,20)",2640
Turks,Vrouw,"[30,40)",Turks,Man,"[20,30)",190
Turks,Vrouw,"[30,40)",Turks,Man,"[30,40)",5770
Turks,Vrouw,"[30,40)",Turks,Man,"[40,50)",4500
Turks,Vrouw,"[30,40)",Turks,Man,"[50,60)",1160
Turks,Vrouw,"[30,40)",Turks,Man,"[60,70)",10
Turks,Vrouw,"[30,40)",Turks,Vrouw,"[0,20)",2310
Turks,Vrouw,"[30,40)",Turks,Vrouw,"[20,30)",130
Turks,Vrouw,"[30,40)",Turks,Vrouw,"[30,40)",30
Turks,Vrouw,"[30,40)",Turks,Vrouw,"[50,60)",80
Turks,Vrouw,"[30,40)",Turks,Vrouw,"[60,70)",60
Turks,Vrouw,"[40,50)",Autochtoon,Man,"[0,20)",80
Turks,Vrouw,"[40,50)",Autochtoon,Man,"[40,50)",80
Turks,Vrouw,"[40,50)",Autochtoon,Man,"[50,60)",10
Turks,Vrouw,"[40,50)",Autochtoon,Vrouw,"[0,20)",50
Turks,Vrouw,"[40,50)",Overig,Man,"[0,20)",10
Turks,Vrouw,"[40,50)",Overig,Man,"[40,50)",10
Turks,Vrouw,"[40,50)",Turks,Man,"[0,20)",2050
Turks,Vrouw,"[40,50)",Turks,Man,"[20,30)",920
Turks,Vrouw,"[40,50)",Turks,Man,"[30,40)",380
Turks,Vrouw,"[40,50)",Turks,Man,"[40,50)",6000
Turks,Vrouw,"[40,50)",Turks,Man,"[50,60)",2250
Turks,Vrouw,"[40,50)",Turks,Man,"[60,70)",90
Turks,Vrouw,"[40,50)",Turks,Vrouw,"[0,20)",1800
Turks,Vrouw,"[40,50)",Turks,Vrouw,"[20,30)",700
Turks,Vrouw,"[50,60)",Autochtoon,Man,"[0,20)",10
Turks,Vrouw,"[50,60)",Autochtoon,Vrouw,"[0,20)",10
Turks,Vrouw,"[50,60)",Turks,Man,"[0,20)",560
Turks,Vrouw,"[50,60)",Turks,Man,"[20,30)",790
Turks,Vrouw,"[50,60)",Turks,Man,"[30,40)",170
Turks,Vrouw,"[50,60)",Turks,Man,"[40,50)",830
Turks,Vrouw,"[50,60)",Turks,Man,"[50,60)",10200
Turks,Vrouw,"[50,60)",Turks,Man,"[60,70)",400
Turks,Vrouw,"[50,60)",Turks,Vrouw,"[0,20)",440
Turks,Vrouw,"[50,60)",Turks,Vrouw,"[20,30)",600
Turks,Vrouw,"[50,60)",Turks,Vrouw,"[30,40)",80
Turks,Vrouw,"[60,70)",Turks,Man,"[0,20)",70
Turks,Vrouw,"[60,70)",Turks,Man,"[20,30)",40
Turks,Vrouw,"[60,70)",Turks,Man,"[30,40)",900
Turks,Vrouw,"[60,70)",Turks,Man,"[50,60)",40
Turks,Vrouw,"[60,70)",Turks,Man,"[60,70)",1270
Turks,Vrouw,"[60,70)",Turks,Man,"[70,80)",7120
Turks,Vrouw,"[60,70)",Turks,Vrouw,"[0,20)",30
Turks,Vrouw,"[60,70)",Turks,Vrouw,"[20,30)",50
Turks,Vrouw,"[60,70)",Turks,Vrouw,"[30,40)",60
Turks,Vrouw,"[70,80)",Turks,Man,"[60,70)",20
Turks,Vrouw,"[70,80)",Turks,Man,"[70,80)",22850
