geslacht_src,lft_src,etngrp_src,geslacht_dst,lft_dst,etngrp_dst,n
Man,"[0,20)",Autochtoon,Man,"[0,20)",Autochtoon,15380
Man,"[0,20)",Autochtoon,Man,"[0,20)",Marokkaans,40
Man,"[0,20)",Autochtoon,Man,"[0,20)",Overig,170
Man,"[0,20)",Autochtoon,Man,"[0,20)",Surinaams,160
Man,"[0,20)",Autochtoon,Man,"[0,20)",Turks,20
Man,"[0,20)",Autochtoon,Man,"[20,30)",Autochtoon,980
Man,"[0,20)",Autochtoon,Man,"[20,30)",Marokkaans,150
Man,"[0,20)",Autochtoon,Man,"[20,30)",Overig,140
Man,"[0,20)",Autochtoon,Man,"[20,30)",Surinaams,190
Man,"[0,20)",Autochtoon,Man,"[20,30)",Turks,120
Man,"[0,20)",Autochtoon,Man,"[30,40)",Autochtoon,5140
Man,"[0,20)",Autochtoon,Man,"[30,40)",Marokkaans,760
Man,"[0,20)",Autochtoon,Man,"[30,40)",Overig,1050
Man,"[0,20)",Autochtoon,Man,"[30,40)",Surinaams,480
Man,"[0,20)",Autochtoon,Man,"[30,40)",Turks,550
Man,"[0,20)",Autochtoon,Man,"[40,50)",Autochtoon,8570
Man,"[0,20)",Autochtoon,Man,"[40,50)",Marokkaans,190
Man,"[0,20)",Autochtoon,Man,"[40,50)",Overig,1370
Man,"[0,20)",Autochtoon,Man,"[40,50)",Surinaams,290
Man,"[0,20)",Autochtoon,Man,"[40,50)",Turks,90
Man,"[0,20)",Autochtoon,Man,"[50,60)",Autochtoon,4650
Man,"[0,20)",Autochtoon,Man,"[50,60)",Marokkaans,10
Man,"[0,20)",Autochtoon,Man,"[50,60)",Overig,710
Man,"[0,20)",Autochtoon,Man,"[50,60)",Surinaams,70
Man,"[0,20)",Autochtoon,Man,"[50,60)",Turks,10
Man,"[0,20)",Autochtoon,Man,"[60,70)",Autochtoon,630
Man,"[0,20)",Autochtoon,Man,"[60,70)",Overig,80
Man,"[0,20)",Autochtoon,Man,"[70,80)",Autochtoon,50
Man,"[0,20)",Autochtoon,Vrouw,"[0,20)",Autochtoon,14500
Man,"[0,20)",Autochtoon,Vrouw,"[0,20)",Marokkaans,40
Man,"[0,20)",Autochtoon,Vrouw,"[0,20)",Overig,180
Man,"[0,20)",Autochtoon,Vrouw,"[0,20)",Surinaams,120
Man,"[0,20)",Autochtoon,Vrouw,"[0,20)",Turks,30
Man,"[0,20)",Autochtoon,Vrouw,"[20,30)",Autochtoon,1330
Man,"[0,20)",Autochtoon,Vrouw,"[20,30)",Marokkaans,420
Man,"[0,20)",Autochtoon,Vrouw,"[20,30)",Overig,330
Man,"[0,20)",Autochtoon,Vrouw,"[20,30)",Surinaams,610
Man,"[0,20)",Autochtoon,Vrouw,"[20,30)",Turks,210
Man,"[0,20)",Autochtoon,Vrouw,"[30,40)",Autochtoon,7630
Man,"[0,20)",Autochtoon,Vrouw,"[30,40)",Marokkaans,1010
Man,"[0,20)",Autochtoon,Vrouw,"[30,40)",Overig,1860
Man,"[0,20)",Autochtoon,Vrouw,"[30,40)",Surinaams,1490
Man,"[0,20)",Autochtoon,Vrouw,"[30,40)",Turks,580
Man,"[0,20)",Autochtoon,Vrouw,"[40,50)",Autochtoon,10540
Man,"[0,20)",Autochtoon,Vrouw,"[40,50)",Marokkaans,100
Man,"[0,20)",Autochtoon,Vrouw,"[40,50)",Overig,1810
Man,"[0,20)",Autochtoon,Vrouw,"[40,50)",Surinaams,570
Man,"[0,20)",Autochtoon,Vrouw,"[40,50)",Turks,80
Man,"[0,20)",Autochtoon,Vrouw,"[50,60)",Autochtoon,4140
Man,"[0,20)",Autochtoon,Vrouw,"[50,60)",Marokkaans,10
Man,"[0,20)",Autochtoon,Vrouw,"[50,60)",Overig,840
Man,"[0,20)",Autochtoon,Vrouw,"[50,60)",Surinaams,250
Man,"[0,20)",Autochtoon,Vrouw,"[50,60)",Turks,10
Man,"[0,20)",Autochtoon,Vrouw,"[60,70)",Autochtoon,230
Man,"[0,20)",Autochtoon,Vrouw,"[60,70)",Overig,80
Man,"[0,20)",Autochtoon,Vrouw,"[60,70)",Surinaams,60
Man,"[0,20)",Marokkaans,Man,"[0,20)",Autochtoon,40
Man,"[0,20)",Marokkaans,Man,"[0,20)",Marokkaans,10940
Man,"[0,20)",Marokkaans,Man,"[0,20)",Overig,80
Man,"[0,20)",Marokkaans,Man,"[20,30)",Marokkaans,1840
Man,"[0,20)",Marokkaans,Man,"[30,40)",Marokkaans,1510
Man,"[0,20)",Marokkaans,Man,"[30,40)",Overig,10
Man,"[0,20)",Marokkaans,Man,"[40,50)",Autochtoon,10
Man,"[0,20)",Marokkaans,Man,"[40,50)",Marokkaans,6980
Man,"[0,20)",Marokkaans,Man,"[40,50)",Overig,50
Man,"[0,20)",Marokkaans,Man,"[50,60)",Marokkaans,2820
Man,"[0,20)",Marokkaans,Man,"[50,60)",Overig,100
Man,"[0,20)",Marokkaans,Man,"[60,70)",Marokkaans,790
Man,"[0,20)",Marokkaans,Man,"[60,70)",Overig,10
Man,"[0,20)",Marokkaans,Man,"[70,80)",Marokkaans,110
Man,"[0,20)",Marokkaans,Vrouw,"[0,20)",Autochtoon,60
Man,"[0,20)",Marokkaans,Vrouw,"[0,20)",Marokkaans,10920
Man,"[0,20)",Marokkaans,Vrouw,"[0,20)",Overig,60
Man,"[0,20)",Marokkaans,Vrouw,"[20,30)",Marokkaans,2870
Man,"[0,20)",Marokkaans,Vrouw,"[30,40)",Autochtoon,90
Man,"[0,20)",Marokkaans,Vrouw,"[30,40)",Marokkaans,4980
Man,"[0,20)",Marokkaans,Vrouw,"[30,40)",Overig,40
Man,"[0,20)",Marokkaans,Vrouw,"[40,50)",Autochtoon,90
Man,"[0,20)",Marokkaans,Vrouw,"[40,50)",Marokkaans,5600
Man,"[0,20)",Marokkaans,Vrouw,"[50,60)",Autochtoon,10
Man,"[0,20)",Marokkaans,Vrouw,"[50,60)",Marokkaans,1170
Man,"[0,20)",Marokkaans,Vrouw,"[60,70)",Marokkaans,150
Man,"[0,20)",Marokkaans,Vrouw,"[70,80)",Marokkaans,10
Man,"[0,20)",Overig,Man,"[0,20)",Autochtoon,170
Man,"[0,20)",Overig,Man,"[0,20)",Marokkaans,80
Man,"[0,20)",Overig,Man,"[0,20)",Overig,594280
Man,"[0,20)",Overig,Man,"[0,20)",Surinaams,50
Man,"[0,20)",Overig,Man,"[0,20)",Turks,20
Man,"[0,20)",Overig,Man,"[20,30)",Autochtoon,80
Man,"[0,20)",Overig,Man,"[20,30)",Marokkaans,20
Man,"[0,20)",Overig,Man,"[20,30)",Overig,1470
Man,"[0,20)",Overig,Man,"[20,30)",Surinaams,30
Man,"[0,20)",Overig,Man,"[30,40)",Autochtoon,990
Man,"[0,20)",Overig,Man,"[30,40)",Marokkaans,60
Man,"[0,20)",Overig,Man,"[30,40)",Overig,5690
Man,"[0,20)",Overig,Man,"[30,40)",Surinaams,100
Man,"[0,20)",Overig,Man,"[30,40)",Turks,70
Man,"[0,20)",Overig,Man,"[40,50)",Autochtoon,1840
Man,"[0,20)",Overig,Man,"[40,50)",Marokkaans,140
Man,"[0,20)",Overig,Man,"[40,50)",Overig,4830
Man,"[0,20)",Overig,Man,"[40,50)",Surinaams,130
Man,"[0,20)",Overig,Man,"[40,50)",Turks,90
Man,"[0,20)",Overig,Man,"[50,60)",Autochtoon,2140
Man,"[0,20)",Overig,Man,"[50,60)",Marokkaans,20
Man,"[0,20)",Overig,Man,"[50,60)",Overig,23990
Man,"[0,20)",Overig,Man,"[50,60)",Surinaams,160
Man,"[0,20)",Overig,Man,"[50,60)",Turks,20
Man,"[0,20)",Overig,Man,"[60,70)",Autochtoon,170
Man,"[0,20)",Overig,Man,"[60,70)",Overig,510
Man,"[0,20)",Overig,Man,"[70,80)",Overig,80
Man,"[0,20)",Overig,Vrouw,"[0,20)",Autochtoon,170
Man,"[0,20)",Overig,Vrouw,"[0,20)",Marokkaans,60
Man,"[0,20)",Overig,Vrouw,"[0,20)",Overig,13960
Man,"[0,20)",Overig,Vrouw,"[0,20)",Surinaams,50
Man,"[0,20)",Overig,Vrouw,"[0,20)",Turks,20
Man,"[0,20)",Overig,Vrouw,"[20,30)",Autochtoon,120
Man,"[0,20)",Overig,Vrouw,"[20,30)",Marokkaans,50
Man,"[0,20)",Overig,Vrouw,"[20,30)",Overig,4400
Man,"[0,20)",Overig,Vrouw,"[20,30)",Surinaams,60
Man,"[0,20)",Overig,Vrouw,"[30,40)",Autochtoon,1240
Man,"[0,20)",Overig,Vrouw,"[30,40)",Marokkaans,90
Man,"[0,20)",Overig,Vrouw,"[30,40)",Overig,9620
Man,"[0,20)",Overig,Vrouw,"[30,40)",Surinaams,160
Man,"[0,20)",Overig,Vrouw,"[30,40)",Turks,50
Man,"[0,20)",Overig,Vrouw,"[40,50)",Autochtoon,1690
Man,"[0,20)",Overig,Vrouw,"[40,50)",Marokkaans,50
Man,"[0,20)",Overig,Vrouw,"[40,50)",Overig,12740
Man,"[0,20)",Overig,Vrouw,"[40,50)",Surinaams,100
Man,"[0,20)",Overig,Vrouw,"[40,50)",Turks,10
Man,"[0,20)",Overig,Vrouw,"[50,60)",Autochtoon,15690
Man,"[0,20)",Overig,Vrouw,"[50,60)",Overig,53040
Man,"[0,20)",Overig,Vrouw,"[50,60)",Surinaams,40
Man,"[0,20)",Overig,Vrouw,"[60,70)",Autochtoon,20
Man,"[0,20)",Overig,Vrouw,"[60,70)",Overig,130
Man,"[0,20)",Overig,Vrouw,"[70,80)",Overig,10
Man,"[0,20)",Surinaams,Man,"[0,20)",Autochtoon,160
Man,"[0,20)",Surinaams,Man,"[0,20)",Overig,50
Man,"[0,20)",Surinaams,Man,"[0,20)",Surinaams,2860
Man,"[0,20)",Surinaams,Man,"[20,30)",Autochtoon,20
Man,"[0,20)",Surinaams,Man,"[20,30)",Marokkaans,10
Man,"[0,20)",Surinaams,Man,"[20,30)",Surinaams,650
Man,"[0,20)",Surinaams,Man,"[30,40)",Autochtoon,40
Man,"[0,20)",Surinaams,Man,"[30,40)",Overig,50
Man,"[0,20)",Surinaams,Man,"[30,40)",Surinaams,360
Man,"[0,20)",Surinaams,Man,"[40,50)",Autochtoon,80
Man,"[0,20)",Surinaams,Man,"[40,50)",Overig,80
Man,"[0,20)",Surinaams,Man,"[40,50)",Surinaams,630
Man,"[0,20)",Surinaams,Man,"[50,60)",Autochtoon,70
Man,"[0,20)",Surinaams,Man,"[50,60)",Overig,70
Man,"[0,20)",Surinaams,Man,"[50,60)",Surinaams,510
Man,"[0,20)",Surinaams,Man,"[60,70)",Surinaams,110
Man,"[0,20)",Surinaams,Vrouw,"[0,20)",Autochtoon,190
Man,"[0,20)",Surinaams,Vrouw,"[0,20)",Overig,40
Man,"[0,20)",Surinaams,Vrouw,"[0,20)",Surinaams,2730
Man,"[0,20)",Surinaams,Vrouw,"[20,30)",Autochtoon,30
Man,"[0,20)",Surinaams,Vrouw,"[20,30)",Overig,20
Man,"[0,20)",Surinaams,Vrouw,"[20,30)",Surinaams,710
Man,"[0,20)",Surinaams,Vrouw,"[30,40)",Autochtoon,130
Man,"[0,20)",Surinaams,Vrouw,"[30,40)",Overig,60
Man,"[0,20)",Surinaams,Vrouw,"[30,40)",Surinaams,1430
Man,"[0,20)",Surinaams,Vrouw,"[40,50)",Autochtoon,220
Man,"[0,20)",Surinaams,Vrouw,"[40,50)",Overig,80
Man,"[0,20)",Surinaams,Vrouw,"[40,50)",Surinaams,2110
Man,"[0,20)",Surinaams,Vrouw,"[50,60)",Autochtoon,80
Man,"[0,20)",Surinaams,Vrouw,"[50,60)",Surinaams,890
Man,"[0,20)",Surinaams,Vrouw,"[60,70)",Surinaams,100
Man,"[0,20)",Turks,Man,"[0,20)",Autochtoon,20
Man,"[0,20)",Turks,Man,"[0,20)",Overig,20
Man,"[0,20)",Turks,Man,"[0,20)",Turks,3560
Man,"[0,20)",Turks,Man,"[20,30)",Turks,710
Man,"[0,20)",Turks,Man,"[30,40)",Autochtoon,20
Man,"[0,20)",Turks,Man,"[30,40)",Turks,1640
Man,"[0,20)",Turks,Man,"[40,50)",Autochtoon,190
Man,"[0,20)",Turks,Man,"[40,50)",Overig,10
Man,"[0,20)",Turks,Man,"[40,50)",Turks,1920
Man,"[0,20)",Turks,Man,"[50,60)",Autochtoon,10
Man,"[0,20)",Turks,Man,"[50,60)",Turks,720
Man,"[0,20)",Turks,Man,"[60,70)",Turks,40
Man,"[0,20)",Turks,Vrouw,"[0,20)",Autochtoon,20
Man,"[0,20)",Turks,Vrouw,"[0,20)",Overig,20
Man,"[0,20)",Turks,Vrouw,"[0,20)",Turks,3510
Man,"[0,20)",Turks,Vrouw,"[20,30)",Turks,1310
Man,"[0,20)",Turks,Vrouw,"[30,40)",Overig,10
Man,"[0,20)",Turks,Vrouw,"[30,40)",Turks,2640
Man,"[0,20)",Turks,Vrouw,"[40,50)",Autochtoon,30
Man,"[0,20)",Turks,Vrouw,"[40,50)",Turks,2050
Man,"[0,20)",Turks,Vrouw,"[50,60)",Turks,560
Man,"[0,20)",Turks,Vrouw,"[60,70)",Turks,70
Man,"[20,30)",Autochtoon,Man,"[0,20)",Autochtoon,980
Man,"[20,30)",Autochtoon,Man,"[0,20)",Overig,80
Man,"[20,30)",Autochtoon,Man,"[0,20)",Surinaams,20
Man,"[20,30)",Autochtoon,Man,"[20,30)",Autochtoon,7710
Man,"[20,30)",Autochtoon,Man,"[20,30)",Marokkaans,20
Man,"[20,30)",Autochtoon,Man,"[20,30)",Overig,1130
Man,"[20,30)",Autochtoon,Man,"[20,30)",Surinaams,80
Man,"[20,30)",Autochtoon,Man,"[20,30)",Turks,10
Man,"[20,30)",Autochtoon,Man,"[30,40)",Autochtoon,970
Man,"[20,30)",Autochtoon,Man,"[30,40)",Overig,170
Man,"[20,30)",Autochtoon,Man,"[30,40)",Surinaams,10
Man,"[20,30)",Autochtoon,Man,"[40,50)",Autochtoon,270
Man,"[20,30)",Autochtoon,Man,"[40,50)",Overig,20
Man,"[20,30)",Autochtoon,Man,"[50,60)",Autochtoon,1780
Man,"[20,30)",Autochtoon,Man,"[50,60)",Overig,180
Man,"[20,30)",Autochtoon,Man,"[60,70)",Autochtoon,1430
Man,"[20,30)",Autochtoon,Man,"[60,70)",Overig,100
Man,"[20,30)",Autochtoon,Vrouw,"[0,20)",Autochtoon,950
Man,"[20,30)",Autochtoon,Vrouw,"[0,20)",Overig,60
Man,"[20,30)",Autochtoon,Vrouw,"[0,20)",Surinaams,10
Man,"[20,30)",Autochtoon,Vrouw,"[20,30)",Autochtoon,10150
Man,"[20,30)",Autochtoon,Vrouw,"[20,30)",Marokkaans,40
Man,"[20,30)",Autochtoon,Vrouw,"[20,30)",Overig,5630
Man,"[20,30)",Autochtoon,Vrouw,"[20,30)",Surinaams,210
Man,"[20,30)",Autochtoon,Vrouw,"[20,30)",Turks,40
Man,"[20,30)",Autochtoon,Vrouw,"[30,40)",Autochtoon,1460
Man,"[20,30)",Autochtoon,Vrouw,"[30,40)",Overig,410
Man,"[20,30)",Autochtoon,Vrouw,"[30,40)",Surinaams,20
Man,"[20,30)",Autochtoon,Vrouw,"[40,50)",Autochtoon,470
Man,"[20,30)",Autochtoon,Vrouw,"[40,50)",Overig,80
Man,"[20,30)",Autochtoon,Vrouw,"[40,50)",Surinaams,50
Man,"[20,30)",Autochtoon,Vrouw,"[50,60)",Autochtoon,2970
Man,"[20,30)",Autochtoon,Vrouw,"[50,60)",Overig,340
Man,"[20,30)",Autochtoon,Vrouw,"[50,60)",Surinaams,10
Man,"[20,30)",Autochtoon,Vrouw,"[60,70)",Autochtoon,830
Man,"[20,30)",Autochtoon,Vrouw,"[60,70)",Overig,70
Man,"[20,30)",Marokkaans,Man,"[0,20)",Autochtoon,150
Man,"[20,30)",Marokkaans,Man,"[0,20)",Marokkaans,1840
Man,"[20,30)",Marokkaans,Man,"[0,20)",Overig,20
Man,"[20,30)",Marokkaans,Man,"[0,20)",Surinaams,10
Man,"[20,30)",Marokkaans,Man,"[20,30)",Autochtoon,20
Man,"[20,30)",Marokkaans,Man,"[20,30)",Marokkaans,1450
Man,"[20,30)",Marokkaans,Man,"[20,30)",Overig,20
Man,"[20,30)",Marokkaans,Man,"[20,30)",Surinaams,20
Man,"[20,30)",Marokkaans,Man,"[30,40)",Marokkaans,860
Man,"[20,30)",Marokkaans,Man,"[30,40)",Overig,10
Man,"[20,30)",Marokkaans,Man,"[40,50)",Marokkaans,450
Man,"[20,30)",Marokkaans,Man,"[50,60)",Marokkaans,1200
Man,"[20,30)",Marokkaans,Man,"[50,60)",Overig,10
Man,"[20,30)",Marokkaans,Man,"[60,70)",Marokkaans,600
Man,"[20,30)",Marokkaans,Man,"[70,80)",Marokkaans,300
Man,"[20,30)",Marokkaans,Vrouw,"[0,20)",Autochtoon,150
Man,"[20,30)",Marokkaans,Vrouw,"[0,20)",Marokkaans,1770
Man,"[20,30)",Marokkaans,Vrouw,"[0,20)",Overig,40
Man,"[20,30)",Marokkaans,Vrouw,"[20,30)",Autochtoon,100
Man,"[20,30)",Marokkaans,Vrouw,"[20,30)",Marokkaans,1990
Man,"[20,30)",Marokkaans,Vrouw,"[20,30)",Overig,60
Man,"[20,30)",Marokkaans,Vrouw,"[20,30)",Surinaams,10
Man,"[20,30)",Marokkaans,Vrouw,"[30,40)",Marokkaans,330
Man,"[20,30)",Marokkaans,Vrouw,"[30,40)",Overig,10
Man,"[20,30)",Marokkaans,Vrouw,"[40,50)",Marokkaans,1380
Man,"[20,30)",Marokkaans,Vrouw,"[50,60)",Marokkaans,1250
Man,"[20,30)",Marokkaans,Vrouw,"[60,70)",Marokkaans,480
Man,"[20,30)",Overig,Man,"[0,20)",Autochtoon,140
Man,"[20,30)",Overig,Man,"[0,20)",Overig,1470
Man,"[20,30)",Overig,Man,"[20,30)",Autochtoon,1130
Man,"[20,30)",Overig,Man,"[20,30)",Marokkaans,20
Man,"[20,30)",Overig,Man,"[20,30)",Overig,3140
Man,"[20,30)",Overig,Man,"[20,30)",Surinaams,40
Man,"[20,30)",Overig,Man,"[30,40)",Autochtoon,180
Man,"[20,30)",Overig,Man,"[30,40)",Overig,146080
Man,"[20,30)",Overig,Man,"[40,50)",Autochtoon,50
Man,"[20,30)",Overig,Man,"[40,50)",Overig,200
Man,"[20,30)",Overig,Man,"[50,60)",Autochtoon,260
Man,"[20,30)",Overig,Man,"[50,60)",Overig,900
Man,"[20,30)",Overig,Man,"[60,70)",Autochtoon,130
Man,"[20,30)",Overig,Man,"[60,70)",Overig,590
Man,"[20,30)",Overig,Man,"[70,80)",Overig,20
Man,"[20,30)",Overig,Vrouw,"[0,20)",Autochtoon,90
Man,"[20,30)",Overig,Vrouw,"[0,20)",Overig,1300
Man,"[20,30)",Overig,Vrouw,"[0,20)",Surinaams,10
Man,"[20,30)",Overig,Vrouw,"[20,30)",Autochtoon,3080
Man,"[20,30)",Overig,Vrouw,"[20,30)",Marokkaans,40
Man,"[20,30)",Overig,Vrouw,"[20,30)",Overig,28130
Man,"[20,30)",Overig,Vrouw,"[20,30)",Surinaams,100
Man,"[20,30)",Overig,Vrouw,"[20,30)",Turks,20
Man,"[20,30)",Overig,Vrouw,"[30,40)",Autochtoon,320
Man,"[20,30)",Overig,Vrouw,"[30,40)",Overig,4040
Man,"[20,30)",Overig,Vrouw,"[30,40)",Surinaams,10
Man,"[20,30)",Overig,Vrouw,"[40,50)",Autochtoon,80
Man,"[20,30)",Overig,Vrouw,"[40,50)",Overig,1040
Man,"[20,30)",Overig,Vrouw,"[50,60)",Autochtoon,420
Man,"[20,30)",Overig,Vrouw,"[50,60)",Overig,1950
Man,"[20,30)",Overig,Vrouw,"[60,70)",Autochtoon,160
Man,"[20,30)",Overig,Vrouw,"[60,70)",Overig,990
Man,"[20,30)",Surinaams,Man,"[0,20)",Autochtoon,190
Man,"[20,30)",Surinaams,Man,"[0,20)",Overig,30
Man,"[20,30)",Surinaams,Man,"[0,20)",Surinaams,650
Man,"[20,30)",Surinaams,Man,"[20,30)",Autochtoon,80
Man,"[20,30)",Surinaams,Man,"[20,30)",Marokkaans,20
Man,"[20,30)",Surinaams,Man,"[20,30)",Overig,40
Man,"[20,30)",Surinaams,Man,"[20,30)",Surinaams,830
Man,"[20,30)",Surinaams,Man,"[30,40)",Autochtoon,10
Man,"[20,30)",Surinaams,Man,"[30,40)",Surinaams,250
Man,"[20,30)",Surinaams,Man,"[40,50)",Surinaams,180
Man,"[20,30)",Surinaams,Man,"[50,60)",Autochtoon,40
Man,"[20,30)",Surinaams,Man,"[50,60)",Overig,10
Man,"[20,30)",Surinaams,Man,"[50,60)",Surinaams,550
Man,"[20,30)",Surinaams,Man,"[60,70)",Surinaams,290
Man,"[20,30)",Surinaams,Vrouw,"[0,20)",Autochtoon,170
Man,"[20,30)",Surinaams,Vrouw,"[0,20)",Overig,40
Man,"[20,30)",Surinaams,Vrouw,"[0,20)",Surinaams,640
Man,"[20,30)",Surinaams,Vrouw,"[20,30)",Autochtoon,250
Man,"[20,30)",Surinaams,Vrouw,"[20,30)",Marokkaans,10
Man,"[20,30)",Surinaams,Vrouw,"[20,30)",Overig,140
Man,"[20,30)",Surinaams,Vrouw,"[20,30)",Surinaams,780
Man,"[20,30)",Surinaams,Vrouw,"[30,40)",Autochtoon,20
Man,"[20,30)",Surinaams,Vrouw,"[30,40)",Overig,40
Man,"[20,30)",Surinaams,Vrouw,"[30,40)",Surinaams,190
Man,"[20,30)",Surinaams,Vrouw,"[40,50)",Autochtoon,40
Man,"[20,30)",Surinaams,Vrouw,"[40,50)",Surinaams,590
Man,"[20,30)",Surinaams,Vrouw,"[50,60)",Autochtoon,50
Man,"[20,30)",Surinaams,Vrouw,"[50,60)",Surinaams,1360
Man,"[20,30)",Surinaams,Vrouw,"[60,70)",Surinaams,240
Man,"[20,30)",Turks,Man,"[0,20)",Autochtoon,120
Man,"[20,30)",Turks,Man,"[0,20)",Turks,710
Man,"[20,30)",Turks,Man,"[20,30)",Autochtoon,10
Man,"[20,30)",Turks,Man,"[20,30)",Turks,550
Man,"[20,30)",Turks,Man,"[30,40)",Turks,170
Man,"[20,30)",Turks,Man,"[40,50)",Turks,480
Man,"[20,30)",Turks,Man,"[50,60)",Turks,910
Man,"[20,30)",Turks,Man,"[60,70)",Turks,70
Man,"[20,30)",Turks,Vrouw,"[0,20)",Autochtoon,120
Man,"[20,30)",Turks,Vrouw,"[0,20)",Turks,850
Man,"[20,30)",Turks,Vrouw,"[20,30)",Autochtoon,60
Man,"[20,30)",Turks,Vrouw,"[20,30)",Overig,60
Man,"[20,30)",Turks,Vrouw,"[20,30)",Turks,2120
Man,"[20,30)",Turks,Vrouw,"[30,40)",Turks,190
Man,"[20,30)",Turks,Vrouw,"[40,50)",Turks,920
Man,"[20,30)",Turks,Vrouw,"[50,60)",Turks,790
Man,"[20,30)",Turks,Vrouw,"[60,70)",Turks,40
Man,"[30,40)",Autochtoon,Man,"[0,20)",Autochtoon,5140
Man,"[30,40)",Autochtoon,Man,"[0,20)",Overig,990
Man,"[30,40)",Autochtoon,Man,"[0,20)",Surinaams,40
Man,"[30,40)",Autochtoon,Man,"[0,20)",Turks,20
Man,"[30,40)",Autochtoon,Man,"[20,30)",Autochtoon,970
Man,"[30,40)",Autochtoon,Man,"[20,30)",Overig,180
Man,"[30,40)",Autochtoon,Man,"[20,30)",Surinaams,10
Man,"[30,40)",Autochtoon,Man,"[30,40)",Autochtoon,1550
Man,"[30,40)",Autochtoon,Man,"[30,40)",Overig,480
Man,"[30,40)",Autochtoon,Man,"[30,40)",Surinaams,20
Man,"[30,40)",Autochtoon,Man,"[40,50)",Autochtoon,250
Man,"[30,40)",Autochtoon,Man,"[40,50)",Overig,110
Man,"[30,40)",Autochtoon,Man,"[50,60)",Autochtoon,110
Man,"[30,40)",Autochtoon,Man,"[60,70)",Autochtoon,600
Man,"[30,40)",Autochtoon,Man,"[60,70)",Overig,10
Man,"[30,40)",Autochtoon,Man,"[70,80)",Autochtoon,50
Man,"[30,40)",Autochtoon,Vrouw,"[0,20)",Autochtoon,4720
Man,"[30,40)",Autochtoon,Vrouw,"[0,20)",Overig,1030
Man,"[30,40)",Autochtoon,Vrouw,"[0,20)",Surinaams,20
Man,"[30,40)",Autochtoon,Vrouw,"[0,20)",Turks,20
Man,"[30,40)",Autochtoon,Vrouw,"[20,30)",Autochtoon,6410
Man,"[30,40)",Autochtoon,Vrouw,"[20,30)",Marokkaans,20
Man,"[30,40)",Autochtoon,Vrouw,"[20,30)",Overig,3250
Man,"[30,40)",Autochtoon,Vrouw,"[20,30)",Surinaams,140
Man,"[30,40)",Autochtoon,Vrouw,"[20,30)",Turks,10
Man,"[30,40)",Autochtoon,Vrouw,"[30,40)",Autochtoon,22420
Man,"[30,40)",Autochtoon,Vrouw,"[30,40)",Marokkaans,130
Man,"[30,40)",Autochtoon,Vrouw,"[30,40)",Overig,11050
Man,"[30,40)",Autochtoon,Vrouw,"[30,40)",Surinaams,480
Man,"[30,40)",Autochtoon,Vrouw,"[30,40)",Turks,120
Man,"[30,40)",Autochtoon,Vrouw,"[40,50)",Autochtoon,1370
Man,"[30,40)",Autochtoon,Vrouw,"[40,50)",Overig,1840
Man,"[30,40)",Autochtoon,Vrouw,"[40,50)",Surinaams,20
Man,"[30,40)",Autochtoon,Vrouw,"[50,60)",Autochtoon,380
Man,"[30,40)",Autochtoon,Vrouw,"[50,60)",Overig,40
Man,"[30,40)",Autochtoon,Vrouw,"[60,70)",Autochtoon,890
Man,"[30,40)",Autochtoon,Vrouw,"[60,70)",Overig,40
Man,"[30,40)",Marokkaans,Man,"[0,20)",Autochtoon,760
Man,"[30,40)",Marokkaans,Man,"[0,20)",Marokkaans,1510
Man,"[30,40)",Marokkaans,Man,"[0,20)",Overig,60
Man,"[30,40)",Marokkaans,Man,"[20,30)",Marokkaans,860
Man,"[30,40)",Marokkaans,Man,"[30,40)",Marokkaans,400
Man,"[30,40)",Marokkaans,Man,"[40,50)",Autochtoon,10
Man,"[30,40)",Marokkaans,Man,"[40,50)",Marokkaans,190
Man,"[30,40)",Marokkaans,Man,"[40,50)",Overig,10
Man,"[30,40)",Marokkaans,Man,"[50,60)",Marokkaans,30
Man,"[30,40)",Marokkaans,Man,"[60,70)",Marokkaans,110
Man,"[30,40)",Marokkaans,Man,"[70,80)",Marokkaans,240
Man,"[30,40)",Marokkaans,Vrouw,"[0,20)",Autochtoon,680
Man,"[30,40)",Marokkaans,Vrouw,"[0,20)",Marokkaans,1670
Man,"[30,40)",Marokkaans,Vrouw,"[0,20)",Overig,90
Man,"[30,40)",Marokkaans,Vrouw,"[20,30)",Autochtoon,30
Man,"[30,40)",Marokkaans,Vrouw,"[20,30)",Marokkaans,12740
Man,"[30,40)",Marokkaans,Vrouw,"[20,30)",Overig,80
Man,"[30,40)",Marokkaans,Vrouw,"[30,40)",Autochtoon,190
Man,"[30,40)",Marokkaans,Vrouw,"[30,40)",Marokkaans,5490
Man,"[30,40)",Marokkaans,Vrouw,"[30,40)",Overig,280
Man,"[30,40)",Marokkaans,Vrouw,"[40,50)",Marokkaans,1360
Man,"[30,40)",Marokkaans,Vrouw,"[50,60)",Marokkaans,280
Man,"[30,40)",Marokkaans,Vrouw,"[60,70)",Marokkaans,310
Man,"[30,40)",Marokkaans,Vrouw,"[70,80)",Marokkaans,140
Man,"[30,40)",Overig,Man,"[0,20)",Autochtoon,1050
Man,"[30,40)",Overig,Man,"[0,20)",Marokkaans,10
Man,"[30,40)",Overig,Man,"[0,20)",Overig,5690
Man,"[30,40)",Overig,Man,"[0,20)",Surinaams,50
Man,"[30,40)",Overig,Man,"[20,30)",Autochtoon,170
Man,"[30,40)",Overig,Man,"[20,30)",Marokkaans,10
Man,"[30,40)",Overig,Man,"[20,30)",Overig,146080
Man,"[30,40)",Overig,Man,"[30,40)",Autochtoon,480
Man,"[30,40)",Overig,Man,"[30,40)",Overig,1220
Man,"[30,40)",Overig,Man,"[30,40)",Surinaams,10
Man,"[30,40)",Overig,Man,"[40,50)",Autochtoon,270
Man,"[30,40)",Overig,Man,"[40,50)",Overig,15970
Man,"[30,40)",Overig,Man,"[50,60)",Autochtoon,250
Man,"[30,40)",Overig,Man,"[50,60)",Overig,130
Man,"[30,40)",Overig,Man,"[60,70)",Autochtoon,30
Man,"[30,40)",Overig,Man,"[60,70)",Overig,320
Man,"[30,40)",Overig,Vrouw,"[0,20)",Autochtoon,960
Man,"[30,40)",Overig,Vrouw,"[0,20)",Marokkaans,60
Man,"[30,40)",Overig,Vrouw,"[0,20)",Overig,4900
Man,"[30,40)",Overig,Vrouw,"[0,20)",Surinaams,90
Man,"[30,40)",Overig,Vrouw,"[20,30)",Autochtoon,1710
Man,"[30,40)",Overig,Vrouw,"[20,30)",Marokkaans,10
Man,"[30,40)",Overig,Vrouw,"[20,30)",Overig,45170
Man,"[30,40)",Overig,Vrouw,"[20,30)",Surinaams,70
Man,"[30,40)",Overig,Vrouw,"[20,30)",Turks,10
Man,"[30,40)",Overig,Vrouw,"[30,40)",Autochtoon,5190
Man,"[30,40)",Overig,Vrouw,"[30,40)",Marokkaans,110
Man,"[30,40)",Overig,Vrouw,"[30,40)",Overig,449440
Man,"[30,40)",Overig,Vrouw,"[30,40)",Surinaams,280
Man,"[30,40)",Overig,Vrouw,"[30,40)",Turks,140
Man,"[30,40)",Overig,Vrouw,"[40,50)",Autochtoon,620
Man,"[30,40)",Overig,Vrouw,"[40,50)",Overig,9560
Man,"[30,40)",Overig,Vrouw,"[40,50)",Surinaams,10
Man,"[30,40)",Overig,Vrouw,"[50,60)",Overig,540
Man,"[30,40)",Overig,Vrouw,"[60,70)",Autochtoon,80
Man,"[30,40)",Overig,Vrouw,"[60,70)",Overig,1010
Man,"[30,40)",Overig,Vrouw,"[70,80)",Overig,10
Man,"[30,40)",Surinaams,Man,"[0,20)",Autochtoon,480
Man,"[30,40)",Surinaams,Man,"[0,20)",Overig,100
Man,"[30,40)",Surinaams,Man,"[0,20)",Surinaams,360
Man,"[30,40)",Surinaams,Man,"[20,30)",Autochtoon,10
Man,"[30,40)",Surinaams,Man,"[20,30)",Surinaams,250
Man,"[30,40)",Surinaams,Man,"[30,40)",Autochtoon,20
Man,"[30,40)",Surinaams,Man,"[30,40)",Overig,10
Man,"[30,40)",Surinaams,Man,"[30,40)",Surinaams,340
Man,"[30,40)",Surinaams,Man,"[40,50)",Autochtoon,10
Man,"[30,40)",Surinaams,Man,"[40,50)",Overig,10
Man,"[30,40)",Surinaams,Man,"[40,50)",Surinaams,20
Man,"[30,40)",Surinaams,Man,"[50,60)",Surinaams,150
Man,"[30,40)",Surinaams,Man,"[60,70)",Surinaams,140
Man,"[30,40)",Surinaams,Vrouw,"[0,20)",Autochtoon,520
Man,"[30,40)",Surinaams,Vrouw,"[0,20)",Overig,110
Man,"[30,40)",Surinaams,Vrouw,"[0,20)",Surinaams,350
Man,"[30,40)",Surinaams,Vrouw,"[20,30)",Autochtoon,220
Man,"[30,40)",Surinaams,Vrouw,"[20,30)",Overig,70
Man,"[30,40)",Surinaams,Vrouw,"[20,30)",Surinaams,430
Man,"[30,40)",Surinaams,Vrouw,"[30,40)",Autochtoon,450
Man,"[30,40)",Surinaams,Vrouw,"[30,40)",Marokkaans,40
Man,"[30,40)",Surinaams,Vrouw,"[30,40)",Overig,310
Man,"[30,40)",Surinaams,Vrouw,"[30,40)",Surinaams,1000
Man,"[30,40)",Surinaams,Vrouw,"[40,50)",Autochtoon,10
Man,"[30,40)",Surinaams,Vrouw,"[40,50)",Overig,10
Man,"[30,40)",Surinaams,Vrouw,"[40,50)",Surinaams,100
Man,"[30,40)",Surinaams,Vrouw,"[50,60)",Surinaams,550
Man,"[30,40)",Surinaams,Vrouw,"[60,70)",Surinaams,500
Man,"[30,40)",Turks,Man,"[0,20)",Autochtoon,550
Man,"[30,40)",Turks,Man,"[0,20)",Overig,70
Man,"[30,40)",Turks,Man,"[0,20)",Turks,1640
Man,"[30,40)",Turks,Man,"[20,30)",Turks,170
Man,"[30,40)",Turks,Man,"[30,40)",Turks,80
Man,"[30,40)",Turks,Man,"[50,60)",Turks,140
Man,"[30,40)",Turks,Man,"[60,70)",Turks,70
Man,"[30,40)",Turks,Vrouw,"[0,20)",Autochtoon,420
Man,"[30,40)",Turks,Vrouw,"[0,20)",Overig,70
Man,"[30,40)",Turks,Vrouw,"[0,20)",Turks,1620
Man,"[30,40)",Turks,Vrouw,"[20,30)",Autochtoon,30
Man,"[30,40)",Turks,Vrouw,"[20,30)",Overig,50
Man,"[30,40)",Turks,Vrouw,"[20,30)",Turks,1320
Man,"[30,40)",Turks,Vrouw,"[30,40)",Autochtoon,90
Man,"[30,40)",Turks,Vrouw,"[30,40)",Marokkaans,10
Man,"[30,40)",Turks,Vrouw,"[30,40)",Overig,160
Man,"[30,40)",Turks,Vrouw,"[30,40)",Turks,5770
Man,"[30,40)",Turks,Vrouw,"[40,50)",Turks,380
Man,"[30,40)",Turks,Vrouw,"[50,60)",Turks,170
Man,"[30,40)",Turks,Vrouw,"[60,70)",Turks,900
Man,"[40,50)",Autochtoon,Man,"[0,20)",Autochtoon,8570
Man,"[40,50)",Autochtoon,Man,"[0,20)",Marokkaans,10
Man,"[40,50)",Autochtoon,Man,"[0,20)",Overig,1840
Man,"[40,50)",Autochtoon,Man,"[0,20)",Surinaams,80
Man,"[40,50)",Autochtoon,Man,"[0,20)",Turks,190
Man,"[40,50)",Autochtoon,Man,"[20,30)",Autochtoon,270
Man,"[40,50)",Autochtoon,Man,"[20,30)",Overig,50
Man,"[40,50)",Autochtoon,Man,"[30,40)",Autochtoon,250
Man,"[40,50)",Autochtoon,Man,"[30,40)",Marokkaans,10
Man,"[40,50)",Autochtoon,Man,"[30,40)",Overig,270
Man,"[40,50)",Autochtoon,Man,"[30,40)",Surinaams,10
Man,"[40,50)",Autochtoon,Man,"[40,50)",Autochtoon,710
Man,"[40,50)",Autochtoon,Man,"[40,50)",Overig,800
Man,"[40,50)",Autochtoon,Man,"[40,50)",Surinaams,10
Man,"[40,50)",Autochtoon,Man,"[50,60)",Autochtoon,340
Man,"[40,50)",Autochtoon,Man,"[50,60)",Overig,130
Man,"[40,50)",Autochtoon,Man,"[60,70)",Autochtoon,20
Man,"[40,50)",Autochtoon,Vrouw,"[0,20)",Autochtoon,8030
Man,"[40,50)",Autochtoon,Vrouw,"[0,20)",Marokkaans,10
Man,"[40,50)",Autochtoon,Vrouw,"[0,20)",Overig,1860
Man,"[40,50)",Autochtoon,Vrouw,"[0,20)",Surinaams,90
Man,"[40,50)",Autochtoon,Vrouw,"[0,20)",Turks,20
Man,"[40,50)",Autochtoon,Vrouw,"[20,30)",Autochtoon,420
Man,"[40,50)",Autochtoon,Vrouw,"[20,30)",Overig,1740
Man,"[40,50)",Autochtoon,Vrouw,"[30,40)",Autochtoon,9360
Man,"[40,50)",Autochtoon,Vrouw,"[30,40)",Marokkaans,40
Man,"[40,50)",Autochtoon,Vrouw,"[30,40)",Overig,4410
Man,"[40,50)",Autochtoon,Vrouw,"[30,40)",Surinaams,120
Man,"[40,50)",Autochtoon,Vrouw,"[30,40)",Turks,30
Man,"[40,50)",Autochtoon,Vrouw,"[40,50)",Autochtoon,21370
Man,"[40,50)",Autochtoon,Vrouw,"[40,50)",Marokkaans,40
Man,"[40,50)",Autochtoon,Vrouw,"[40,50)",Overig,6460
Man,"[40,50)",Autochtoon,Vrouw,"[40,50)",Surinaams,550
Man,"[40,50)",Autochtoon,Vrouw,"[40,50)",Turks,80
Man,"[40,50)",Autochtoon,Vrouw,"[50,60)",Autochtoon,4020
Man,"[40,50)",Autochtoon,Vrouw,"[50,60)",Overig,670
Man,"[40,50)",Autochtoon,Vrouw,"[50,60)",Surinaams,20
Man,"[40,50)",Autochtoon,Vrouw,"[60,70)",Autochtoon,150
Man,"[40,50)",Autochtoon,Vrouw,"[60,70)",Overig,50
Man,"[40,50)",Marokkaans,Man,"[0,20)",Autochtoon,190
Man,"[40,50)",Marokkaans,Man,"[0,20)",Marokkaans,6980
Man,"[40,50)",Marokkaans,Man,"[0,20)",Overig,140
Man,"[40,50)",Marokkaans,Man,"[20,30)",Marokkaans,450
Man,"[40,50)",Marokkaans,Man,"[30,40)",Marokkaans,190
Man,"[40,50)",Marokkaans,Man,"[40,50)",Marokkaans,80
Man,"[40,50)",Marokkaans,Vrouw,"[0,20)",Autochtoon,160
Man,"[40,50)",Marokkaans,Vrouw,"[0,20)",Marokkaans,4790
Man,"[40,50)",Marokkaans,Vrouw,"[0,20)",Overig,110
Man,"[40,50)",Marokkaans,Vrouw,"[20,30)",Marokkaans,670
Man,"[40,50)",Marokkaans,Vrouw,"[30,40)",Autochtoon,40
Man,"[40,50)",Marokkaans,Vrouw,"[30,40)",Marokkaans,12020
Man,"[40,50)",Marokkaans,Vrouw,"[30,40)",Overig,120
Man,"[40,50)",Marokkaans,Vrouw,"[40,50)",Autochtoon,90
Man,"[40,50)",Marokkaans,Vrouw,"[40,50)",Marokkaans,9220
Man,"[40,50)",Marokkaans,Vrouw,"[50,60)",Marokkaans,730
Man,"[40,50)",Overig,Man,"[0,20)",Autochtoon,1370
Man,"[40,50)",Overig,Man,"[0,20)",Marokkaans,50
Man,"[40,50)",Overig,Man,"[0,20)",Overig,4830
Man,"[40,50)",Overig,Man,"[0,20)",Surinaams,80
Man,"[40,50)",Overig,Man,"[0,20)",Turks,10
Man,"[40,50)",Overig,Man,"[20,30)",Autochtoon,20
Man,"[40,50)",Overig,Man,"[20,30)",Overig,200
Man,"[40,50)",Overig,Man,"[30,40)",Autochtoon,110
Man,"[40,50)",Overig,Man,"[30,40)",Marokkaans,10
Man,"[40,50)",Overig,Man,"[30,40)",Overig,15970
Man,"[40,50)",Overig,Man,"[30,40)",Surinaams,10
Man,"[40,50)",Overig,Man,"[40,50)",Autochtoon,800
Man,"[40,50)",Overig,Man,"[40,50)",Overig,3730
Man,"[40,50)",Overig,Man,"[50,60)",Autochtoon,190
Man,"[40,50)",Overig,Man,"[50,60)",Overig,700
Man,"[40,50)",Overig,Vrouw,"[0,20)",Autochtoon,1280
Man,"[40,50)",Overig,Vrouw,"[0,20)",Marokkaans,60
Man,"[40,50)",Overig,Vrouw,"[0,20)",Overig,6940
Man,"[40,50)",Overig,Vrouw,"[0,20)",Surinaams,120
Man,"[40,50)",Overig,Vrouw,"[0,20)",Turks,10
Man,"[40,50)",Overig,Vrouw,"[20,30)",Autochtoon,80
Man,"[40,50)",Overig,Vrouw,"[20,30)",Overig,680
Man,"[40,50)",Overig,Vrouw,"[30,40)",Autochtoon,4750
Man,"[40,50)",Overig,Vrouw,"[30,40)",Marokkaans,30
Man,"[40,50)",Overig,Vrouw,"[30,40)",Overig,34070
Man,"[40,50)",Overig,Vrouw,"[30,40)",Surinaams,100
Man,"[40,50)",Overig,Vrouw,"[40,50)",Autochtoon,4650
Man,"[40,50)",Overig,Vrouw,"[40,50)",Marokkaans,20
Man,"[40,50)",Overig,Vrouw,"[40,50)",Overig,27120
Man,"[40,50)",Overig,Vrouw,"[40,50)",Surinaams,210
Man,"[40,50)",Overig,Vrouw,"[40,50)",Turks,10
Man,"[40,50)",Overig,Vrouw,"[50,60)",Autochtoon,1550
Man,"[40,50)",Overig,Vrouw,"[50,60)",Overig,420
Man,"[40,50)",Overig,Vrouw,"[50,60)",Surinaams,10
Man,"[40,50)",Overig,Vrouw,"[60,70)",Overig,60
Man,"[40,50)",Surinaams,Man,"[0,20)",Autochtoon,290
Man,"[40,50)",Surinaams,Man,"[0,20)",Overig,130
Man,"[40,50)",Surinaams,Man,"[0,20)",Surinaams,630
Man,"[40,50)",Surinaams,Man,"[20,30)",Surinaams,180
Man,"[40,50)",Surinaams,Man,"[30,40)",Surinaams,20
Man,"[40,50)",Surinaams,Man,"[40,50)",Autochtoon,10
Man,"[40,50)",Surinaams,Man,"[40,50)",Surinaams,150
Man,"[40,50)",Surinaams,Man,"[50,60)",Surinaams,30
Man,"[40,50)",Surinaams,Man,"[60,70)",Surinaams,40
Man,"[40,50)",Surinaams,Vrouw,"[0,20)",Autochtoon,310
Man,"[40,50)",Surinaams,Vrouw,"[0,20)",Overig,100
Man,"[40,50)",Surinaams,Vrouw,"[0,20)",Surinaams,600
Man,"[40,50)",Surinaams,Vrouw,"[20,30)",Overig,10
Man,"[40,50)",Surinaams,Vrouw,"[20,30)",Surinaams,100
Man,"[40,50)",Surinaams,Vrouw,"[30,40)",Autochtoon,170
Man,"[40,50)",Surinaams,Vrouw,"[30,40)",Overig,90
Man,"[40,50)",Surinaams,Vrouw,"[30,40)",Surinaams,700
Man,"[40,50)",Surinaams,Vrouw,"[40,50)",Autochtoon,610
Man,"[40,50)",Surinaams,Vrouw,"[40,50)",Overig,250
Man,"[40,50)",Surinaams,Vrouw,"[40,50)",Surinaams,1960
Man,"[40,50)",Surinaams,Vrouw,"[50,60)",Autochtoon,60
Man,"[40,50)",Surinaams,Vrouw,"[50,60)",Surinaams,720
Man,"[40,50)",Surinaams,Vrouw,"[60,70)",Surinaams,640
Man,"[40,50)",Turks,Man,"[0,20)",Autochtoon,90
Man,"[40,50)",Turks,Man,"[0,20)",Overig,90
Man,"[40,50)",Turks,Man,"[0,20)",Turks,1920
Man,"[40,50)",Turks,Man,"[20,30)",Turks,480
Man,"[40,50)",Turks,Vrouw,"[0,20)",Autochtoon,120
Man,"[40,50)",Turks,Vrouw,"[0,20)",Overig,130
Man,"[40,50)",Turks,Vrouw,"[0,20)",Turks,1930
Man,"[40,50)",Turks,Vrouw,"[20,30)",Turks,15330
Man,"[40,50)",Turks,Vrouw,"[30,40)",Autochtoon,20
Man,"[40,50)",Turks,Vrouw,"[30,40)",Overig,1940
Man,"[40,50)",Turks,Vrouw,"[30,40)",Turks,4500
Man,"[40,50)",Turks,Vrouw,"[40,50)",Autochtoon,40
Man,"[40,50)",Turks,Vrouw,"[40,50)",Overig,1500
Man,"[40,50)",Turks,Vrouw,"[40,50)",Turks,6000
Man,"[40,50)",Turks,Vrouw,"[50,60)",Turks,830
Man,"[50,60)",Autochtoon,Man,"[0,20)",Autochtoon,4650
Man,"[50,60)",Autochtoon,Man,"[0,20)",Overig,2140
Man,"[50,60)",Autochtoon,Man,"[0,20)",Surinaams,70
Man,"[50,60)",Autochtoon,Man,"[0,20)",Turks,10
Man,"[50,60)",Autochtoon,Man,"[20,30)",Autochtoon,1780
Man,"[50,60)",Autochtoon,Man,"[20,30)",Overig,260
Man,"[50,60)",Autochtoon,Man,"[20,30)",Surinaams,40
Man,"[50,60)",Autochtoon,Man,"[30,40)",Autochtoon,110
Man,"[50,60)",Autochtoon,Man,"[30,40)",Overig,250
Man,"[50,60)",Autochtoon,Man,"[40,50)",Autochtoon,340
Man,"[50,60)",Autochtoon,Man,"[40,50)",Overig,190
Man,"[50,60)",Autochtoon,Man,"[50,60)",Autochtoon,4440
Man,"[50,60)",Autochtoon,Man,"[50,60)",Overig,2990
Man,"[50,60)",Autochtoon,Man,"[60,70)",Autochtoon,570
Man,"[50,60)",Autochtoon,Man,"[60,70)",Overig,760
Man,"[50,60)",Autochtoon,Vrouw,"[0,20)",Autochtoon,4380
Man,"[50,60)",Autochtoon,Vrouw,"[0,20)",Overig,1140
Man,"[50,60)",Autochtoon,Vrouw,"[0,20)",Surinaams,60
Man,"[50,60)",Autochtoon,Vrouw,"[20,30)",Autochtoon,1660
Man,"[50,60)",Autochtoon,Vrouw,"[20,30)",Overig,280
Man,"[50,60)",Autochtoon,Vrouw,"[30,40)",Autochtoon,410
Man,"[50,60)",Autochtoon,Vrouw,"[30,40)",Overig,960
Man,"[50,60)",Autochtoon,Vrouw,"[40,50)",Autochtoon,20320
Man,"[50,60)",Autochtoon,Vrouw,"[40,50)",Overig,7990
Man,"[50,60)",Autochtoon,Vrouw,"[40,50)",Surinaams,560
Man,"[50,60)",Autochtoon,Vrouw,"[40,50)",Turks,10
Man,"[50,60)",Autochtoon,Vrouw,"[50,60)",Autochtoon,49550
Man,"[50,60)",Autochtoon,Vrouw,"[50,60)",Overig,9720
Man,"[50,60)",Autochtoon,Vrouw,"[50,60)",Surinaams,2500
Man,"[50,60)",Autochtoon,Vrouw,"[60,70)",Autochtoon,3450
Man,"[50,60)",Autochtoon,Vrouw,"[60,70)",Overig,1270
Man,"[50,60)",Autochtoon,Vrouw,"[70,80)",Autochtoon,90
Man,"[50,60)",Marokkaans,Man,"[0,20)",Autochtoon,10
Man,"[50,60)",Marokkaans,Man,"[0,20)",Marokkaans,2820
Man,"[50,60)",Marokkaans,Man,"[0,20)",Overig,20
Man,"[50,60)",Marokkaans,Man,"[20,30)",Marokkaans,1200
Man,"[50,60)",Marokkaans,Man,"[30,40)",Marokkaans,30
Man,"[50,60)",Marokkaans,Vrouw,"[0,20)",Autochtoon,10
Man,"[50,60)",Marokkaans,Vrouw,"[0,20)",Marokkaans,3110
Man,"[50,60)",Marokkaans,Vrouw,"[0,20)",Overig,50
Man,"[50,60)",Marokkaans,Vrouw,"[20,30)",Marokkaans,1360
Man,"[50,60)",Marokkaans,Vrouw,"[20,30)",Overig,10
Man,"[50,60)",Marokkaans,Vrouw,"[30,40)",Marokkaans,3160
Man,"[50,60)",Marokkaans,Vrouw,"[40,50)",Marokkaans,13650
Man,"[50,60)",Marokkaans,Vrouw,"[40,50)",Overig,10
Man,"[50,60)",Marokkaans,Vrouw,"[50,60)",Autochtoon,20
Man,"[50,60)",Marokkaans,Vrouw,"[50,60)",Marokkaans,4090
Man,"[50,60)",Marokkaans,Vrouw,"[50,60)",Overig,510
Man,"[50,60)",Marokkaans,Vrouw,"[60,70)",Marokkaans,20
Man,"[50,60)",Overig,Man,"[0,20)",Autochtoon,710
Man,"[50,60)",Overig,Man,"[0,20)",Marokkaans,100
Man,"[50,60)",Overig,Man,"[0,20)",Overig,23990
Man,"[50,60)",Overig,Man,"[0,20)",Surinaams,70
Man,"[50,60)",Overig,Man,"[20,30)",Autochtoon,180
Man,"[50,60)",Overig,Man,"[20,30)",Marokkaans,10
Man,"[50,60)",Overig,Man,"[20,30)",Overig,900
Man,"[50,60)",Overig,Man,"[20,30)",Surinaams,10
Man,"[50,60)",Overig,Man,"[30,40)",Overig,130
Man,"[50,60)",Overig,Man,"[40,50)",Autochtoon,130
Man,"[50,60)",Overig,Man,"[40,50)",Overig,700
Man,"[50,60)",Overig,Man,"[50,60)",Autochtoon,2990
Man,"[50,60)",Overig,Man,"[50,60)",Overig,230
Man,"[50,60)",Overig,Man,"[60,70)",Autochtoon,940
Man,"[50,60)",Overig,Man,"[60,70)",Overig,50
Man,"[50,60)",Overig,Vrouw,"[0,20)",Autochtoon,540
Man,"[50,60)",Overig,Vrouw,"[0,20)",Marokkaans,80
Man,"[50,60)",Overig,Vrouw,"[0,20)",Overig,2840
Man,"[50,60)",Overig,Vrouw,"[0,20)",Surinaams,30
Man,"[50,60)",Overig,Vrouw,"[20,30)",Autochtoon,120
Man,"[50,60)",Overig,Vrouw,"[20,30)",Overig,3720
Man,"[50,60)",Overig,Vrouw,"[30,40)",Autochtoon,110
Man,"[50,60)",Overig,Vrouw,"[30,40)",Overig,2520
Man,"[50,60)",Overig,Vrouw,"[40,50)",Autochtoon,2820
Man,"[50,60)",Overig,Vrouw,"[40,50)",Marokkaans,20
Man,"[50,60)",Overig,Vrouw,"[40,50)",Overig,30650
Man,"[50,60)",Overig,Vrouw,"[40,50)",Surinaams,570
Man,"[50,60)",Overig,Vrouw,"[50,60)",Autochtoon,8030
Man,"[50,60)",Overig,Vrouw,"[50,60)",Marokkaans,930
Man,"[50,60)",Overig,Vrouw,"[50,60)",Overig,46650
Man,"[50,60)",Overig,Vrouw,"[50,60)",Surinaams,80
Man,"[50,60)",Overig,Vrouw,"[60,70)",Autochtoon,1130
Man,"[50,60)",Overig,Vrouw,"[60,70)",Overig,840
Man,"[50,60)",Surinaams,Man,"[0,20)",Autochtoon,70
Man,"[50,60)",Surinaams,Man,"[0,20)",Overig,160
Man,"[50,60)",Surinaams,Man,"[0,20)",Surinaams,510
Man,"[50,60)",Surinaams,Man,"[20,30)",Surinaams,550
Man,"[50,60)",Surinaams,Man,"[30,40)",Surinaams,150
Man,"[50,60)",Surinaams,Man,"[40,50)",Surinaams,30
Man,"[50,60)",Surinaams,Man,"[50,60)",Surinaams,80
Man,"[50,60)",Surinaams,Man,"[60,70)",Surinaams,10
Man,"[50,60)",Surinaams,Vrouw,"[0,20)",Autochtoon,80
Man,"[50,60)",Surinaams,Vrouw,"[0,20)",Overig,60
Man,"[50,60)",Surinaams,Vrouw,"[0,20)",Surinaams,480
Man,"[50,60)",Surinaams,Vrouw,"[20,30)",Surinaams,410
Man,"[50,60)",Surinaams,Vrouw,"[30,40)",Surinaams,50
Man,"[50,60)",Surinaams,Vrouw,"[40,50)",Autochtoon,210
Man,"[50,60)",Surinaams,Vrouw,"[40,50)",Overig,240
Man,"[50,60)",Surinaams,Vrouw,"[40,50)",Surinaams,570
Man,"[50,60)",Surinaams,Vrouw,"[50,60)",Autochtoon,1250
Man,"[50,60)",Surinaams,Vrouw,"[50,60)",Overig,110
Man,"[50,60)",Surinaams,Vrouw,"[50,60)",Surinaams,3250
Man,"[50,60)",Surinaams,Vrouw,"[60,70)",Surinaams,60
Man,"[50,60)",Turks,Man,"[0,20)",Autochtoon,10
Man,"[50,60)",Turks,Man,"[0,20)",Overig,20
Man,"[50,60)",Turks,Man,"[0,20)",Turks,720
Man,"[50,60)",Turks,Man,"[20,30)",Turks,910
Man,"[50,60)",Turks,Man,"[30,40)",Turks,140
Man,"[50,60)",Turks,Vrouw,"[0,20)",Autochtoon,10
Man,"[50,60)",Turks,Vrouw,"[0,20)",Overig,10
Man,"[50,60)",Turks,Vrouw,"[0,20)",Turks,680
Man,"[50,60)",Turks,Vrouw,"[20,30)",Turks,610
Man,"[50,60)",Turks,Vrouw,"[30,40)",Turks,1160
Man,"[50,60)",Turks,Vrouw,"[40,50)",Turks,2250
Man,"[50,60)",Turks,Vrouw,"[50,60)",Autochtoon,10
Man,"[50,60)",Turks,Vrouw,"[50,60)",Turks,10200
Man,"[50,60)",Turks,Vrouw,"[60,70)",Turks,40
Man,"[60,70)",Autochtoon,Man,"[0,20)",Autochtoon,630
Man,"[60,70)",Autochtoon,Man,"[0,20)",Overig,170
Man,"[60,70)",Autochtoon,Man,"[20,30)",Autochtoon,1430
Man,"[60,70)",Autochtoon,Man,"[20,30)",Overig,130
Man,"[60,70)",Autochtoon,Man,"[30,40)",Autochtoon,600
Man,"[60,70)",Autochtoon,Man,"[30,40)",Overig,30
Man,"[60,70)",Autochtoon,Man,"[40,50)",Autochtoon,20
Man,"[60,70)",Autochtoon,Man,"[50,60)",Autochtoon,570
Man,"[60,70)",Autochtoon,Man,"[50,60)",Overig,940
Man,"[60,70)",Autochtoon,Man,"[60,70)",Autochtoon,2330
Man,"[60,70)",Autochtoon,Man,"[60,70)",Overig,460
Man,"[60,70)",Autochtoon,Vrouw,"[0,20)",Autochtoon,620
Man,"[60,70)",Autochtoon,Vrouw,"[0,20)",Overig,200
Man,"[60,70)",Autochtoon,Vrouw,"[20,30)",Autochtoon,920
Man,"[60,70)",Autochtoon,Vrouw,"[20,30)",Overig,3110
Man,"[60,70)",Autochtoon,Vrouw,"[30,40)",Autochtoon,170
Man,"[60,70)",Autochtoon,Vrouw,"[30,40)",Overig,50
Man,"[60,70)",Autochtoon,Vrouw,"[40,50)",Autochtoon,390
Man,"[60,70)",Autochtoon,Vrouw,"[40,50)",Overig,1120
Man,"[60,70)",Autochtoon,Vrouw,"[50,60)",Autochtoon,19680
Man,"[60,70)",Autochtoon,Vrouw,"[50,60)",Overig,9990
Man,"[60,70)",Autochtoon,Vrouw,"[50,60)",Surinaams,150
Man,"[60,70)",Autochtoon,Vrouw,"[60,70)",Autochtoon,62790
Man,"[60,70)",Autochtoon,Vrouw,"[60,70)",Overig,15450
Man,"[60,70)",Autochtoon,Vrouw,"[60,70)",Surinaams,310
Man,"[60,70)",Autochtoon,Vrouw,"[70,80)",Autochtoon,13370
Man,"[60,70)",Autochtoon,Vrouw,"[70,80)",Overig,7250
Man,"[60,70)",Marokkaans,Man,"[0,20)",Marokkaans,790
Man,"[60,70)",Marokkaans,Man,"[20,30)",Marokkaans,600
Man,"[60,70)",Marokkaans,Man,"[30,40)",Marokkaans,110
Man,"[60,70)",Marokkaans,Vrouw,"[0,20)",Marokkaans,740
Man,"[60,70)",Marokkaans,Vrouw,"[20,30)",Marokkaans,490
Man,"[60,70)",Marokkaans,Vrouw,"[30,40)",Marokkaans,110
Man,"[60,70)",Marokkaans,Vrouw,"[40,50)",Marokkaans,2690
Man,"[60,70)",Marokkaans,Vrouw,"[50,60)",Marokkaans,15730
Man,"[60,70)",Marokkaans,Vrouw,"[50,60)",Overig,10
Man,"[60,70)",Marokkaans,Vrouw,"[60,70)",Marokkaans,19110
Man,"[60,70)",Overig,Man,"[0,20)",Autochtoon,80
Man,"[60,70)",Overig,Man,"[0,20)",Marokkaans,10
Man,"[60,70)",Overig,Man,"[0,20)",Overig,510
Man,"[60,70)",Overig,Man,"[20,30)",Autochtoon,100
Man,"[60,70)",Overig,Man,"[20,30)",Overig,590
Man,"[60,70)",Overig,Man,"[30,40)",Autochtoon,10
Man,"[60,70)",Overig,Man,"[30,40)",Overig,320
Man,"[60,70)",Overig,Man,"[50,60)",Autochtoon,760
Man,"[60,70)",Overig,Man,"[50,60)",Overig,50
Man,"[60,70)",Overig,Man,"[60,70)",Autochtoon,460
Man,"[60,70)",Overig,Man,"[60,70)",Overig,10
Man,"[60,70)",Overig,Vrouw,"[0,20)",Autochtoon,70
Man,"[60,70)",Overig,Vrouw,"[0,20)",Marokkaans,20
Man,"[60,70)",Overig,Vrouw,"[0,20)",Overig,580
Man,"[60,70)",Overig,Vrouw,"[20,30)",Autochtoon,90
Man,"[60,70)",Overig,Vrouw,"[20,30)",Overig,600
Man,"[60,70)",Overig,Vrouw,"[30,40)",Overig,240
Man,"[60,70)",Overig,Vrouw,"[40,50)",Autochtoon,160
Man,"[60,70)",Overig,Vrouw,"[40,50)",Overig,790
Man,"[60,70)",Overig,Vrouw,"[50,60)",Autochtoon,2100
Man,"[60,70)",Overig,Vrouw,"[50,60)",Marokkaans,10
Man,"[60,70)",Overig,Vrouw,"[50,60)",Overig,7460
Man,"[60,70)",Overig,Vrouw,"[50,60)",Surinaams,10
Man,"[60,70)",Overig,Vrouw,"[60,70)",Autochtoon,11300
Man,"[60,70)",Overig,Vrouw,"[60,70)",Marokkaans,400
Man,"[60,70)",Overig,Vrouw,"[60,70)",Overig,10540
Man,"[60,70)",Overig,Vrouw,"[60,70)",Surinaams,10
Man,"[60,70)",Overig,Vrouw,"[70,80)",Autochtoon,420
Man,"[60,70)",Overig,Vrouw,"[70,80)",Overig,3120
Man,"[60,70)",Surinaams,Man,"[0,20)",Surinaams,110
Man,"[60,70)",Surinaams,Man,"[20,30)",Surinaams,290
Man,"[60,70)",Surinaams,Man,"[30,40)",Surinaams,140
Man,"[60,70)",Surinaams,Man,"[40,50)",Surinaams,40
Man,"[60,70)",Surinaams,Man,"[50,60)",Surinaams,10
Man,"[60,70)",Surinaams,Vrouw,"[0,20)",Autochtoon,10
Man,"[60,70)",Surinaams,Vrouw,"[0,20)",Surinaams,140
Man,"[60,70)",Surinaams,Vrouw,"[20,30)",Surinaams,130
Man,"[60,70)",Surinaams,Vrouw,"[30,40)",Surinaams,60
Man,"[60,70)",Surinaams,Vrouw,"[40,50)",Autochtoon,40
Man,"[60,70)",Surinaams,Vrouw,"[40,50)",Surinaams,50
Man,"[60,70)",Surinaams,Vrouw,"[50,60)",Overig,10
Man,"[60,70)",Surinaams,Vrouw,"[50,60)",Surinaams,1780
Man,"[60,70)",Surinaams,Vrouw,"[60,70)",Autochtoon,100
Man,"[60,70)",Surinaams,Vrouw,"[60,70)",Overig,10
Man,"[60,70)",Surinaams,Vrouw,"[60,70)",Surinaams,4940
Man,"[60,70)",Turks,Man,"[0,20)",Turks,40
Man,"[60,70)",Turks,Man,"[20,30)",Turks,70
Man,"[60,70)",Turks,Man,"[30,40)",Turks,70
Man,"[60,70)",Turks,Vrouw,"[0,20)",Turks,40
Man,"[60,70)",Turks,Vrouw,"[20,30)",Turks,100
Man,"[60,70)",Turks,Vrouw,"[30,40)",Turks,10
Man,"[60,70)",Turks,Vrouw,"[40,50)",Turks,90
Man,"[60,70)",Turks,Vrouw,"[50,60)",Turks,400
Man,"[60,70)",Turks,Vrouw,"[60,70)",Turks,1270
Man,"[60,70)",Turks,Vrouw,"[70,80)",Turks,20
Man,"[70,80)",Autochtoon,Man,"[0,20)",Autochtoon,50
Man,"[70,80)",Autochtoon,Man,"[30,40)",Autochtoon,50
Man,"[70,80)",Autochtoon,Man,"[70,80)",Autochtoon,6920
Man,"[70,80)",Autochtoon,Vrouw,"[0,20)",Autochtoon,50
Man,"[70,80)",Autochtoon,Vrouw,"[30,40)",Autochtoon,30
Man,"[70,80)",Autochtoon,Vrouw,"[50,60)",Autochtoon,2760
Man,"[70,80)",Autochtoon,Vrouw,"[50,60)",Overig,1340
Man,"[70,80)",Autochtoon,Vrouw,"[60,70)",Autochtoon,41100
Man,"[70,80)",Autochtoon,Vrouw,"[60,70)",Overig,10210
Man,"[70,80)",Autochtoon,Vrouw,"[70,80)",Autochtoon,150450
Man,"[70,80)",Autochtoon,Vrouw,"[70,80)",Overig,49920
Man,"[70,80)",Marokkaans,Man,"[0,20)",Marokkaans,110
Man,"[70,80)",Marokkaans,Man,"[20,30)",Marokkaans,300
Man,"[70,80)",Marokkaans,Man,"[30,40)",Marokkaans,240
Man,"[70,80)",Marokkaans,Vrouw,"[0,20)",Marokkaans,70
Man,"[70,80)",Marokkaans,Vrouw,"[20,30)",Marokkaans,360
Man,"[70,80)",Marokkaans,Vrouw,"[30,40)",Marokkaans,100
Man,"[70,80)",Marokkaans,Vrouw,"[40,50)",Marokkaans,20
Man,"[70,80)",Marokkaans,Vrouw,"[50,60)",Marokkaans,4520
Man,"[70,80)",Marokkaans,Vrouw,"[60,70)",Marokkaans,18690
Man,"[70,80)",Marokkaans,Vrouw,"[70,80)",Marokkaans,7390
Man,"[70,80)",Overig,Man,"[0,20)",Overig,80
Man,"[70,80)",Overig,Man,"[20,30)",Overig,20
Man,"[70,80)",Overig,Vrouw,"[0,20)",Overig,30
Man,"[70,80)",Overig,Vrouw,"[20,30)",Overig,30
Man,"[70,80)",Overig,Vrouw,"[30,40)",Overig,10
Man,"[70,80)",Overig,Vrouw,"[40,50)",Overig,10
Man,"[70,80)",Overig,Vrouw,"[50,60)",Autochtoon,70
Man,"[70,80)",Overig,Vrouw,"[50,60)",Overig,20
Man,"[70,80)",Overig,Vrouw,"[60,70)",Autochtoon,1770
Man,"[70,80)",Overig,Vrouw,"[60,70)",Overig,9460
Man,"[70,80)",Overig,Vrouw,"[70,80)",Autochtoon,38750
Man,"[70,80)",Overig,Vrouw,"[70,80)",Overig,10140
Man,"[70,80)",Surinaams,Vrouw,"[60,70)",Surinaams,1670
Man,"[70,80)",Surinaams,Vrouw,"[70,80)",Surinaams,350
Man,"[70,80)",Turks,Vrouw,"[60,70)",Turks,7120
Man,"[70,80)",Turks,Vrouw,"[70,80)",Turks,22850
Man,"[80,120]",Autochtoon,Vrouw,"[70,80)",Autochtoon,80250
Man,"[80,120]",Autochtoon,Vrouw,"[80,120]",Autochtoon,120700
Man,"[80,120]",Marokkaans,Vrouw,"[60,70)",Marokkaans,20
Man,"[80,120]",Marokkaans,Vrouw,"[70,80)",Marokkaans,13090
Vrouw,"[0,20)",Autochtoon,Man,"[0,20)",Autochtoon,14500
Vrouw,"[0,20)",Autochtoon,Man,"[0,20)",Marokkaans,60
Vrouw,"[0,20)",Autochtoon,Man,"[0,20)",Overig,170
Vrouw,"[0,20)",Autochtoon,Man,"[0,20)",Surinaams,190
Vrouw,"[0,20)",Autochtoon,Man,"[0,20)",Turks,20
Vrouw,"[0,20)",Autochtoon,Man,"[20,30)",Autochtoon,950
Vrouw,"[0,20)",Autochtoon,Man,"[20,30)",Marokkaans,150
Vrouw,"[0,20)",Autochtoon,Man,"[20,30)",Overig,90
Vrouw,"[0,20)",Autochtoon,Man,"[20,30)",Surinaams,170
Vrouw,"[0,20)",Autochtoon,Man,"[20,30)",Turks,120
Vrouw,"[0,20)",Autochtoon,Man,"[30,40)",Autochtoon,4720
Vrouw,"[0,20)",Autochtoon,Man,"[30,40)",Marokkaans,680
Vrouw,"[0,20)",Autochtoon,Man,"[30,40)",Overig,960
Vrouw,"[0,20)",Autochtoon,Man,"[30,40)",Surinaams,520
Vrouw,"[0,20)",Autochtoon,Man,"[30,40)",Turks,420
Vrouw,"[0,20)",Autochtoon,Man,"[40,50)",Autochtoon,8030
Vrouw,"[0,20)",Autochtoon,Man,"[40,50)",Marokkaans,160
Vrouw,"[0,20)",Autochtoon,Man,"[40,50)",Overig,1280
Vrouw,"[0,20)",Autochtoon,Man,"[40,50)",Surinaams,310
Vrouw,"[0,20)",Autochtoon,Man,"[40,50)",Turks,120
Vrouw,"[0,20)",Autochtoon,Man,"[50,60)",Autochtoon,4380
Vrouw,"[0,20)",Autochtoon,Man,"[50,60)",Marokkaans,10
Vrouw,"[0,20)",Autochtoon,Man,"[50,60)",Overig,540
Vrouw,"[0,20)",Autochtoon,Man,"[50,60)",Surinaams,80
Vrouw,"[0,20)",Autochtoon,Man,"[50,60)",Turks,10
Vrouw,"[0,20)",Autochtoon,Man,"[60,70)",Autochtoon,620
Vrouw,"[0,20)",Autochtoon,Man,"[60,70)",Overig,70
Vrouw,"[0,20)",Autochtoon,Man,"[60,70)",Surinaams,10
Vrouw,"[0,20)",Autochtoon,Man,"[70,80)",Autochtoon,50
Vrouw,"[0,20)",Autochtoon,Vrouw,"[0,20)",Autochtoon,13990
Vrouw,"[0,20)",Autochtoon,Vrouw,"[0,20)",Marokkaans,40
Vrouw,"[0,20)",Autochtoon,Vrouw,"[0,20)",Overig,160
Vrouw,"[0,20)",Autochtoon,Vrouw,"[0,20)",Surinaams,200
Vrouw,"[0,20)",Autochtoon,Vrouw,"[0,20)",Turks,20
Vrouw,"[0,20)",Autochtoon,Vrouw,"[20,30)",Autochtoon,1350
Vrouw,"[0,20)",Autochtoon,Vrouw,"[20,30)",Marokkaans,410
Vrouw,"[0,20)",Autochtoon,Vrouw,"[20,30)",Overig,360
Vrouw,"[0,20)",Autochtoon,Vrouw,"[20,30)",Surinaams,610
Vrouw,"[0,20)",Autochtoon,Vrouw,"[20,30)",Turks,220
Vrouw,"[0,20)",Autochtoon,Vrouw,"[30,40)",Autochtoon,7280
Vrouw,"[0,20)",Autochtoon,Vrouw,"[30,40)",Marokkaans,950
Vrouw,"[0,20)",Autochtoon,Vrouw,"[30,40)",Overig,1910
Vrouw,"[0,20)",Autochtoon,Vrouw,"[30,40)",Surinaams,1310
Vrouw,"[0,20)",Autochtoon,Vrouw,"[30,40)",Turks,550
Vrouw,"[0,20)",Autochtoon,Vrouw,"[40,50)",Autochtoon,9620
Vrouw,"[0,20)",Autochtoon,Vrouw,"[40,50)",Marokkaans,110
Vrouw,"[0,20)",Autochtoon,Vrouw,"[40,50)",Overig,1560
Vrouw,"[0,20)",Autochtoon,Vrouw,"[40,50)",Surinaams,590
Vrouw,"[0,20)",Autochtoon,Vrouw,"[40,50)",Turks,50
Vrouw,"[0,20)",Autochtoon,Vrouw,"[50,60)",Autochtoon,3860
Vrouw,"[0,20)",Autochtoon,Vrouw,"[50,60)",Marokkaans,10
Vrouw,"[0,20)",Autochtoon,Vrouw,"[50,60)",Overig,700
Vrouw,"[0,20)",Autochtoon,Vrouw,"[50,60)",Surinaams,220
Vrouw,"[0,20)",Autochtoon,Vrouw,"[50,60)",Turks,10
Vrouw,"[0,20)",Autochtoon,Vrouw,"[60,70)",Autochtoon,160
Vrouw,"[0,20)",Autochtoon,Vrouw,"[60,70)",Overig,100
Vrouw,"[0,20)",Autochtoon,Vrouw,"[60,70)",Surinaams,90
Vrouw,"[0,20)",Marokkaans,Man,"[0,20)",Autochtoon,40
Vrouw,"[0,20)",Marokkaans,Man,"[0,20)",Marokkaans,10920
Vrouw,"[0,20)",Marokkaans,Man,"[0,20)",Overig,60
Vrouw,"[0,20)",Marokkaans,Man,"[20,30)",Marokkaans,1770
Vrouw,"[0,20)",Marokkaans,Man,"[30,40)",Marokkaans,1670
Vrouw,"[0,20)",Marokkaans,Man,"[30,40)",Overig,60
Vrouw,"[0,20)",Marokkaans,Man,"[40,50)",Autochtoon,10
Vrouw,"[0,20)",Marokkaans,Man,"[40,50)",Marokkaans,4790
Vrouw,"[0,20)",Marokkaans,Man,"[40,50)",Overig,60
Vrouw,"[0,20)",Marokkaans,Man,"[50,60)",Marokkaans,3110
Vrouw,"[0,20)",Marokkaans,Man,"[50,60)",Overig,80
Vrouw,"[0,20)",Marokkaans,Man,"[60,70)",Marokkaans,740
Vrouw,"[0,20)",Marokkaans,Man,"[60,70)",Overig,20
Vrouw,"[0,20)",Marokkaans,Man,"[70,80)",Marokkaans,70
Vrouw,"[0,20)",Marokkaans,Vrouw,"[0,20)",Autochtoon,40
Vrouw,"[0,20)",Marokkaans,Vrouw,"[0,20)",Marokkaans,11130
Vrouw,"[0,20)",Marokkaans,Vrouw,"[0,20)",Overig,50
Vrouw,"[0,20)",Marokkaans,Vrouw,"[20,30)",Autochtoon,10
Vrouw,"[0,20)",Marokkaans,Vrouw,"[20,30)",Marokkaans,2040
Vrouw,"[0,20)",Marokkaans,Vrouw,"[30,40)",Autochtoon,70
Vrouw,"[0,20)",Marokkaans,Vrouw,"[30,40)",Marokkaans,4680
Vrouw,"[0,20)",Marokkaans,Vrouw,"[30,40)",Overig,50
Vrouw,"[0,20)",Marokkaans,Vrouw,"[40,50)",Autochtoon,100
Vrouw,"[0,20)",Marokkaans,Vrouw,"[40,50)",Marokkaans,4860
Vrouw,"[0,20)",Marokkaans,Vrouw,"[50,60)",Autochtoon,20
Vrouw,"[0,20)",Marokkaans,Vrouw,"[50,60)",Marokkaans,1230
Vrouw,"[0,20)",Marokkaans,Vrouw,"[60,70)",Marokkaans,100
Vrouw,"[0,20)",Overig,Man,"[0,20)",Autochtoon,180
Vrouw,"[0,20)",Overig,Man,"[0,20)",Marokkaans,60
Vrouw,"[0,20)",Overig,Man,"[0,20)",Overig,13960
Vrouw,"[0,20)",Overig,Man,"[0,20)",Surinaams,40
Vrouw,"[0,20)",Overig,Man,"[0,20)",Turks,20
Vrouw,"[0,20)",Overig,Man,"[20,30)",Autochtoon,60
Vrouw,"[0,20)",Overig,Man,"[20,30)",Marokkaans,40
Vrouw,"[0,20)",Overig,Man,"[20,30)",Overig,1300
Vrouw,"[0,20)",Overig,Man,"[20,30)",Surinaams,40
Vrouw,"[0,20)",Overig,Man,"[30,40)",Autochtoon,1030
Vrouw,"[0,20)",Overig,Man,"[30,40)",Marokkaans,90
Vrouw,"[0,20)",Overig,Man,"[30,40)",Overig,4900
Vrouw,"[0,20)",Overig,Man,"[30,40)",Surinaams,110
Vrouw,"[0,20)",Overig,Man,"[30,40)",Turks,70
Vrouw,"[0,20)",Overig,Man,"[40,50)",Autochtoon,1860
Vrouw,"[0,20)",Overig,Man,"[40,50)",Marokkaans,110
Vrouw,"[0,20)",Overig,Man,"[40,50)",Overig,6940
Vrouw,"[0,20)",Overig,Man,"[40,50)",Surinaams,100
Vrouw,"[0,20)",Overig,Man,"[40,50)",Turks,130
Vrouw,"[0,20)",Overig,Man,"[50,60)",Autochtoon,1140
Vrouw,"[0,20)",Overig,Man,"[50,60)",Marokkaans,50
Vrouw,"[0,20)",Overig,Man,"[50,60)",Overig,2840
Vrouw,"[0,20)",Overig,Man,"[50,60)",Surinaams,60
Vrouw,"[0,20)",Overig,Man,"[50,60)",Turks,10
Vrouw,"[0,20)",Overig,Man,"[60,70)",Autochtoon,200
Vrouw,"[0,20)",Overig,Man,"[60,70)",Overig,580
Vrouw,"[0,20)",Overig,Man,"[70,80)",Overig,30
Vrouw,"[0,20)",Overig,Vrouw,"[0,20)",Autochtoon,160
Vrouw,"[0,20)",Overig,Vrouw,"[0,20)",Marokkaans,50
Vrouw,"[0,20)",Overig,Vrouw,"[0,20)",Overig,13420
Vrouw,"[0,20)",Overig,Vrouw,"[0,20)",Surinaams,40
Vrouw,"[0,20)",Overig,Vrouw,"[0,20)",Turks,20
Vrouw,"[0,20)",Overig,Vrouw,"[20,30)",Autochtoon,120
Vrouw,"[0,20)",Overig,Vrouw,"[20,30)",Marokkaans,30
Vrouw,"[0,20)",Overig,Vrouw,"[20,30)",Overig,2600
Vrouw,"[0,20)",Overig,Vrouw,"[20,30)",Surinaams,60
Vrouw,"[0,20)",Overig,Vrouw,"[20,30)",Turks,10
Vrouw,"[0,20)",Overig,Vrouw,"[30,40)",Autochtoon,1090
Vrouw,"[0,20)",Overig,Vrouw,"[30,40)",Marokkaans,70
Vrouw,"[0,20)",Overig,Vrouw,"[30,40)",Overig,8500
Vrouw,"[0,20)",Overig,Vrouw,"[30,40)",Surinaams,150
Vrouw,"[0,20)",Overig,Vrouw,"[30,40)",Turks,30
Vrouw,"[0,20)",Overig,Vrouw,"[40,50)",Autochtoon,1640
Vrouw,"[0,20)",Overig,Vrouw,"[40,50)",Marokkaans,40
Vrouw,"[0,20)",Overig,Vrouw,"[40,50)",Overig,17180
Vrouw,"[0,20)",Overig,Vrouw,"[40,50)",Surinaams,110
Vrouw,"[0,20)",Overig,Vrouw,"[50,60)",Autochtoon,660
Vrouw,"[0,20)",Overig,Vrouw,"[50,60)",Overig,2050
Vrouw,"[0,20)",Overig,Vrouw,"[50,60)",Surinaams,20
Vrouw,"[0,20)",Overig,Vrouw,"[60,70)",Autochtoon,30
Vrouw,"[0,20)",Overig,Vrouw,"[60,70)",Overig,140
Vrouw,"[0,20)",Surinaams,Man,"[0,20)",Autochtoon,120
Vrouw,"[0,20)",Surinaams,Man,"[0,20)",Overig,50
Vrouw,"[0,20)",Surinaams,Man,"[0,20)",Surinaams,2730
Vrouw,"[0,20)",Surinaams,Man,"[20,30)",Autochtoon,10
Vrouw,"[0,20)",Surinaams,Man,"[20,30)",Overig,10
Vrouw,"[0,20)",Surinaams,Man,"[20,30)",Surinaams,640
Vrouw,"[0,20)",Surinaams,Man,"[30,40)",Autochtoon,20
Vrouw,"[0,20)",Surinaams,Man,"[30,40)",Overig,90
Vrouw,"[0,20)",Surinaams,Man,"[30,40)",Surinaams,350
Vrouw,"[0,20)",Surinaams,Man,"[40,50)",Autochtoon,90
Vrouw,"[0,20)",Surinaams,Man,"[40,50)",Overig,120
Vrouw,"[0,20)",Surinaams,Man,"[40,50)",Surinaams,600
Vrouw,"[0,20)",Surinaams,Man,"[50,60)",Autochtoon,60
Vrouw,"[0,20)",Surinaams,Man,"[50,60)",Overig,30
Vrouw,"[0,20)",Surinaams,Man,"[50,60)",Surinaams,480
Vrouw,"[0,20)",Surinaams,Man,"[60,70)",Surinaams,140
Vrouw,"[0,20)",Surinaams,Vrouw,"[0,20)",Autochtoon,200
Vrouw,"[0,20)",Surinaams,Vrouw,"[0,20)",Overig,40
Vrouw,"[0,20)",Surinaams,Vrouw,"[0,20)",Surinaams,2580
Vrouw,"[0,20)",Surinaams,Vrouw,"[20,30)",Autochtoon,20
Vrouw,"[0,20)",Surinaams,Vrouw,"[20,30)",Overig,30
Vrouw,"[0,20)",Surinaams,Vrouw,"[20,30)",Surinaams,730
Vrouw,"[0,20)",Surinaams,Vrouw,"[30,40)",Autochtoon,130
Vrouw,"[0,20)",Surinaams,Vrouw,"[30,40)",Overig,50
Vrouw,"[0,20)",Surinaams,Vrouw,"[30,40)",Surinaams,1370
Vrouw,"[0,20)",Surinaams,Vrouw,"[40,50)",Autochtoon,170
Vrouw,"[0,20)",Surinaams,Vrouw,"[40,50)",Overig,50
Vrouw,"[0,20)",Surinaams,Vrouw,"[40,50)",Surinaams,1790
Vrouw,"[0,20)",Surinaams,Vrouw,"[50,60)",Autochtoon,90
Vrouw,"[0,20)",Surinaams,Vrouw,"[50,60)",Surinaams,950
Vrouw,"[0,20)",Surinaams,Vrouw,"[60,70)",Surinaams,150
Vrouw,"[0,20)",Turks,Man,"[0,20)",Autochtoon,30
Vrouw,"[0,20)",Turks,Man,"[0,20)",Overig,20
Vrouw,"[0,20)",Turks,Man,"[0,20)",Turks,3510
Vrouw,"[0,20)",Turks,Man,"[20,30)",Turks,850
Vrouw,"[0,20)",Turks,Man,"[30,40)",Autochtoon,20
Vrouw,"[0,20)",Turks,Man,"[30,40)",Turks,1620
Vrouw,"[0,20)",Turks,Man,"[40,50)",Autochtoon,20
Vrouw,"[0,20)",Turks,Man,"[40,50)",Overig,10
Vrouw,"[0,20)",Turks,Man,"[40,50)",Turks,1930
Vrouw,"[0,20)",Turks,Man,"[50,60)",Turks,680
Vrouw,"[0,20)",Turks,Man,"[60,70)",Turks,40
Vrouw,"[0,20)",Turks,Vrouw,"[0,20)",Autochtoon,20
Vrouw,"[0,20)",Turks,Vrouw,"[0,20)",Overig,20
Vrouw,"[0,20)",Turks,Vrouw,"[0,20)",Turks,3480
Vrouw,"[0,20)",Turks,Vrouw,"[20,30)",Turks,1250
Vrouw,"[0,20)",Turks,Vrouw,"[30,40)",Autochtoon,20
Vrouw,"[0,20)",Turks,Vrouw,"[30,40)",Turks,2310
Vrouw,"[0,20)",Turks,Vrouw,"[40,50)",Autochtoon,50
Vrouw,"[0,20)",Turks,Vrouw,"[40,50)",Turks,1800
Vrouw,"[0,20)",Turks,Vrouw,"[50,60)",Turks,440
Vrouw,"[0,20)",Turks,Vrouw,"[60,70)",Turks,30
Vrouw,"[20,30)",Autochtoon,Man,"[0,20)",Autochtoon,1330
Vrouw,"[20,30)",Autochtoon,Man,"[0,20)",Overig,120
Vrouw,"[20,30)",Autochtoon,Man,"[0,20)",Surinaams,30
Vrouw,"[20,30)",Autochtoon,Man,"[20,30)",Autochtoon,10150
Vrouw,"[20,30)",Autochtoon,Man,"[20,30)",Marokkaans,100
Vrouw,"[20,30)",Autochtoon,Man,"[20,30)",Overig,3080
Vrouw,"[20,30)",Autochtoon,Man,"[20,30)",Surinaams,250
Vrouw,"[20,30)",Autochtoon,Man,"[20,30)",Turks,60
Vrouw,"[20,30)",Autochtoon,Man,"[30,40)",Autochtoon,6410
Vrouw,"[20,30)",Autochtoon,Man,"[30,40)",Marokkaans,30
Vrouw,"[20,30)",Autochtoon,Man,"[30,40)",Overig,1710
Vrouw,"[20,30)",Autochtoon,Man,"[30,40)",Surinaams,220
Vrouw,"[20,30)",Autochtoon,Man,"[30,40)",Turks,30
Vrouw,"[20,30)",Autochtoon,Man,"[40,50)",Autochtoon,420
Vrouw,"[20,30)",Autochtoon,Man,"[40,50)",Overig,80
Vrouw,"[20,30)",Autochtoon,Man,"[50,60)",Autochtoon,1660
Vrouw,"[20,30)",Autochtoon,Man,"[50,60)",Overig,120
Vrouw,"[20,30)",Autochtoon,Man,"[60,70)",Autochtoon,920
Vrouw,"[20,30)",Autochtoon,Man,"[60,70)",Overig,90
Vrouw,"[20,30)",Autochtoon,Vrouw,"[0,20)",Autochtoon,1350
Vrouw,"[20,30)",Autochtoon,Vrouw,"[0,20)",Marokkaans,10
Vrouw,"[20,30)",Autochtoon,Vrouw,"[0,20)",Overig,120
Vrouw,"[20,30)",Autochtoon,Vrouw,"[0,20)",Surinaams,20
Vrouw,"[20,30)",Autochtoon,Vrouw,"[20,30)",Autochtoon,8780
Vrouw,"[20,30)",Autochtoon,Vrouw,"[20,30)",Marokkaans,10
Vrouw,"[20,30)",Autochtoon,Vrouw,"[20,30)",Overig,1600
Vrouw,"[20,30)",Autochtoon,Vrouw,"[20,30)",Surinaams,70
Vrouw,"[20,30)",Autochtoon,Vrouw,"[20,30)",Turks,20
Vrouw,"[20,30)",Autochtoon,Vrouw,"[30,40)",Autochtoon,640
Vrouw,"[20,30)",Autochtoon,Vrouw,"[30,40)",Overig,140
Vrouw,"[20,30)",Autochtoon,Vrouw,"[40,50)",Autochtoon,470
Vrouw,"[20,30)",Autochtoon,Vrouw,"[40,50)",Overig,80
Vrouw,"[20,30)",Autochtoon,Vrouw,"[40,50)",Surinaams,70
Vrouw,"[20,30)",Autochtoon,Vrouw,"[50,60)",Autochtoon,2460
Vrouw,"[20,30)",Autochtoon,Vrouw,"[50,60)",Overig,330
Vrouw,"[20,30)",Autochtoon,Vrouw,"[60,70)",Autochtoon,600
Vrouw,"[20,30)",Autochtoon,Vrouw,"[60,70)",Overig,110
Vrouw,"[20,30)",Marokkaans,Man,"[0,20)",Autochtoon,420
Vrouw,"[20,30)",Marokkaans,Man,"[0,20)",Marokkaans,2870
Vrouw,"[20,30)",Marokkaans,Man,"[0,20)",Overig,50
Vrouw,"[20,30)",Marokkaans,Man,"[20,30)",Autochtoon,40
Vrouw,"[20,30)",Marokkaans,Man,"[20,30)",Marokkaans,1990
Vrouw,"[20,30)",Marokkaans,Man,"[20,30)",Overig,40
Vrouw,"[20,30)",Marokkaans,Man,"[20,30)",Surinaams,10
Vrouw,"[20,30)",Marokkaans,Man,"[30,40)",Autochtoon,20
Vrouw,"[20,30)",Marokkaans,Man,"[30,40)",Marokkaans,12740
Vrouw,"[20,30)",Marokkaans,Man,"[30,40)",Overig,10
Vrouw,"[20,30)",Marokkaans,Man,"[40,50)",Marokkaans,670
Vrouw,"[20,30)",Marokkaans,Man,"[50,60)",Marokkaans,1360
Vrouw,"[20,30)",Marokkaans,Man,"[60,70)",Marokkaans,490
Vrouw,"[20,30)",Marokkaans,Man,"[70,80)",Marokkaans,360
Vrouw,"[20,30)",Marokkaans,Vrouw,"[0,20)",Autochtoon,410
Vrouw,"[20,30)",Marokkaans,Vrouw,"[0,20)",Marokkaans,2040
Vrouw,"[20,30)",Marokkaans,Vrouw,"[0,20)",Overig,30
Vrouw,"[20,30)",Marokkaans,Vrouw,"[20,30)",Autochtoon,10
Vrouw,"[20,30)",Marokkaans,Vrouw,"[20,30)",Marokkaans,1130
Vrouw,"[20,30)",Marokkaans,Vrouw,"[30,40)",Marokkaans,340
Vrouw,"[20,30)",Marokkaans,Vrouw,"[40,50)",Marokkaans,1070
Vrouw,"[20,30)",Marokkaans,Vrouw,"[50,60)",Marokkaans,1040
Vrouw,"[20,30)",Marokkaans,Vrouw,"[60,70)",Marokkaans,500
Vrouw,"[20,30)",Overig,Man,"[0,20)",Autochtoon,330
Vrouw,"[20,30)",Overig,Man,"[0,20)",Overig,4400
Vrouw,"[20,30)",Overig,Man,"[0,20)",Surinaams,20
Vrouw,"[20,30)",Overig,Man,"[20,30)",Autochtoon,5630
Vrouw,"[20,30)",Overig,Man,"[20,30)",Marokkaans,60
Vrouw,"[20,30)",Overig,Man,"[20,30)",Overig,28130
Vrouw,"[20,30)",Overig,Man,"[20,30)",Surinaams,140
Vrouw,"[20,30)",Overig,Man,"[20,30)",Turks,60
Vrouw,"[20,30)",Overig,Man,"[30,40)",Autochtoon,3250
Vrouw,"[20,30)",Overig,Man,"[30,40)",Marokkaans,80
Vrouw,"[20,30)",Overig,Man,"[30,40)",Overig,45170
Vrouw,"[20,30)",Overig,Man,"[30,40)",Surinaams,70
Vrouw,"[20,30)",Overig,Man,"[30,40)",Turks,50
Vrouw,"[20,30)",Overig,Man,"[40,50)",Autochtoon,1740
Vrouw,"[20,30)",Overig,Man,"[40,50)",Overig,680
Vrouw,"[20,30)",Overig,Man,"[40,50)",Surinaams,10
Vrouw,"[20,30)",Overig,Man,"[50,60)",Autochtoon,280
Vrouw,"[20,30)",Overig,Man,"[50,60)",Marokkaans,10
Vrouw,"[20,30)",Overig,Man,"[50,60)",Overig,3720
Vrouw,"[20,30)",Overig,Man,"[60,70)",Autochtoon,3110
Vrouw,"[20,30)",Overig,Man,"[60,70)",Overig,600
Vrouw,"[20,30)",Overig,Man,"[70,80)",Overig,30
Vrouw,"[20,30)",Overig,Vrouw,"[0,20)",Autochtoon,360
Vrouw,"[20,30)",Overig,Vrouw,"[0,20)",Overig,2600
Vrouw,"[20,30)",Overig,Vrouw,"[0,20)",Surinaams,30
Vrouw,"[20,30)",Overig,Vrouw,"[20,30)",Autochtoon,1600
Vrouw,"[20,30)",Overig,Vrouw,"[20,30)",Overig,2110
Vrouw,"[20,30)",Overig,Vrouw,"[20,30)",Surinaams,10
Vrouw,"[20,30)",Overig,Vrouw,"[20,30)",Turks,20
Vrouw,"[20,30)",Overig,Vrouw,"[30,40)",Autochtoon,140
Vrouw,"[20,30)",Overig,Vrouw,"[30,40)",Overig,340
Vrouw,"[20,30)",Overig,Vrouw,"[40,50)",Autochtoon,80
Vrouw,"[20,30)",Overig,Vrouw,"[40,50)",Overig,7210
Vrouw,"[20,30)",Overig,Vrouw,"[50,60)",Autochtoon,420
Vrouw,"[20,30)",Overig,Vrouw,"[50,60)",Overig,1600
Vrouw,"[20,30)",Overig,Vrouw,"[60,70)",Autochtoon,160
Vrouw,"[20,30)",Overig,Vrouw,"[60,70)",Overig,450
Vrouw,"[20,30)",Surinaams,Man,"[0,20)",Autochtoon,610
Vrouw,"[20,30)",Surinaams,Man,"[0,20)",Overig,60
Vrouw,"[20,30)",Surinaams,Man,"[0,20)",Surinaams,710
Vrouw,"[20,30)",Surinaams,Man,"[20,30)",Autochtoon,210
Vrouw,"[20,30)",Surinaams,Man,"[20,30)",Marokkaans,10
Vrouw,"[20,30)",Surinaams,Man,"[20,30)",Overig,100
Vrouw,"[20,30)",Surinaams,Man,"[20,30)",Surinaams,780
Vrouw,"[20,30)",Surinaams,Man,"[30,40)",Autochtoon,140
Vrouw,"[20,30)",Surinaams,Man,"[30,40)",Overig,70
Vrouw,"[20,30)",Surinaams,Man,"[30,40)",Surinaams,430
Vrouw,"[20,30)",Surinaams,Man,"[40,50)",Surinaams,100
Vrouw,"[20,30)",Surinaams,Man,"[50,60)",Surinaams,410
Vrouw,"[20,30)",Surinaams,Man,"[60,70)",Surinaams,130
Vrouw,"[20,30)",Surinaams,Vrouw,"[0,20)",Autochtoon,610
Vrouw,"[20,30)",Surinaams,Vrouw,"[0,20)",Overig,60
Vrouw,"[20,30)",Surinaams,Vrouw,"[0,20)",Surinaams,730
Vrouw,"[20,30)",Surinaams,Vrouw,"[20,30)",Autochtoon,70
Vrouw,"[20,30)",Surinaams,Vrouw,"[20,30)",Overig,10
Vrouw,"[20,30)",Surinaams,Vrouw,"[20,30)",Surinaams,520
Vrouw,"[20,30)",Surinaams,Vrouw,"[30,40)",Surinaams,120
Vrouw,"[20,30)",Surinaams,Vrouw,"[40,50)",Autochtoon,10
Vrouw,"[20,30)",Surinaams,Vrouw,"[40,50)",Surinaams,540
Vrouw,"[20,30)",Surinaams,Vrouw,"[50,60)",Autochtoon,70
Vrouw,"[20,30)",Surinaams,Vrouw,"[50,60)",Surinaams,1290
Vrouw,"[20,30)",Surinaams,Vrouw,"[60,70)",Surinaams,330
Vrouw,"[20,30)",Turks,Man,"[0,20)",Autochtoon,210
Vrouw,"[20,30)",Turks,Man,"[0,20)",Turks,1310
Vrouw,"[20,30)",Turks,Man,"[20,30)",Autochtoon,40
Vrouw,"[20,30)",Turks,Man,"[20,30)",Overig,20
Vrouw,"[20,30)",Turks,Man,"[20,30)",Turks,2120
Vrouw,"[20,30)",Turks,Man,"[30,40)",Autochtoon,10
Vrouw,"[20,30)",Turks,Man,"[30,40)",Overig,10
Vrouw,"[20,30)",Turks,Man,"[30,40)",Turks,1320
Vrouw,"[20,30)",Turks,Man,"[40,50)",Turks,15330
Vrouw,"[20,30)",Turks,Man,"[50,60)",Turks,610
Vrouw,"[20,30)",Turks,Man,"[60,70)",Turks,100
Vrouw,"[20,30)",Turks,Vrouw,"[0,20)",Autochtoon,220
Vrouw,"[20,30)",Turks,Vrouw,"[0,20)",Overig,10
Vrouw,"[20,30)",Turks,Vrouw,"[0,20)",Turks,1250
Vrouw,"[20,30)",Turks,Vrouw,"[20,30)",Autochtoon,20
Vrouw,"[20,30)",Turks,Vrouw,"[20,30)",Overig,20
Vrouw,"[20,30)",Turks,Vrouw,"[20,30)",Turks,420
Vrouw,"[20,30)",Turks,Vrouw,"[30,40)",Turks,130
Vrouw,"[20,30)",Turks,Vrouw,"[40,50)",Turks,700
Vrouw,"[20,30)",Turks,Vrouw,"[50,60)",Turks,600
Vrouw,"[20,30)",Turks,Vrouw,"[60,70)",Turks,50
Vrouw,"[30,40)",Autochtoon,Man,"[0,20)",Autochtoon,7630
Vrouw,"[30,40)",Autochtoon,Man,"[0,20)",Marokkaans,90
Vrouw,"[30,40)",Autochtoon,Man,"[0,20)",Overig,1240
Vrouw,"[30,40)",Autochtoon,Man,"[0,20)",Surinaams,130
Vrouw,"[30,40)",Autochtoon,Man,"[20,30)",Autochtoon,1460
Vrouw,"[30,40)",Autochtoon,Man,"[20,30)",Overig,320
Vrouw,"[30,40)",Autochtoon,Man,"[20,30)",Surinaams,20
Vrouw,"[30,40)",Autochtoon,Man,"[30,40)",Autochtoon,22420
Vrouw,"[30,40)",Autochtoon,Man,"[30,40)",Marokkaans,190
Vrouw,"[30,40)",Autochtoon,Man,"[30,40)",Overig,5190
Vrouw,"[30,40)",Autochtoon,Man,"[30,40)",Surinaams,450
Vrouw,"[30,40)",Autochtoon,Man,"[30,40)",Turks,90
Vrouw,"[30,40)",Autochtoon,Man,"[40,50)",Autochtoon,9360
Vrouw,"[30,40)",Autochtoon,Man,"[40,50)",Marokkaans,40
Vrouw,"[30,40)",Autochtoon,Man,"[40,50)",Overig,4750
Vrouw,"[30,40)",Autochtoon,Man,"[40,50)",Surinaams,170
Vrouw,"[30,40)",Autochtoon,Man,"[40,50)",Turks,20
Vrouw,"[30,40)",Autochtoon,Man,"[50,60)",Autochtoon,410
Vrouw,"[30,40)",Autochtoon,Man,"[50,60)",Overig,110
Vrouw,"[30,40)",Autochtoon,Man,"[60,70)",Autochtoon,170
Vrouw,"[30,40)",Autochtoon,Man,"[70,80)",Autochtoon,30
Vrouw,"[30,40)",Autochtoon,Vrouw,"[0,20)",Autochtoon,7280
Vrouw,"[30,40)",Autochtoon,Vrouw,"[0,20)",Marokkaans,70
Vrouw,"[30,40)",Autochtoon,Vrouw,"[0,20)",Overig,1090
Vrouw,"[30,40)",Autochtoon,Vrouw,"[0,20)",Surinaams,130
Vrouw,"[30,40)",Autochtoon,Vrouw,"[0,20)",Turks,20
Vrouw,"[30,40)",Autochtoon,Vrouw,"[20,30)",Autochtoon,640
Vrouw,"[30,40)",Autochtoon,Vrouw,"[20,30)",Overig,140
Vrouw,"[30,40)",Autochtoon,Vrouw,"[30,40)",Autochtoon,1280
Vrouw,"[30,40)",Autochtoon,Vrouw,"[30,40)",Overig,1200
Vrouw,"[30,40)",Autochtoon,Vrouw,"[40,50)",Autochtoon,160
Vrouw,"[30,40)",Autochtoon,Vrouw,"[40,50)",Overig,40
Vrouw,"[30,40)",Autochtoon,Vrouw,"[50,60)",Autochtoon,150
Vrouw,"[30,40)",Autochtoon,Vrouw,"[50,60)",Overig,10
Vrouw,"[30,40)",Autochtoon,Vrouw,"[60,70)",Autochtoon,320
Vrouw,"[30,40)",Marokkaans,Man,"[0,20)",Autochtoon,1010
Vrouw,"[30,40)",Marokkaans,Man,"[0,20)",Marokkaans,4980
Vrouw,"[30,40)",Marokkaans,Man,"[0,20)",Overig,90
Vrouw,"[30,40)",Marokkaans,Man,"[20,30)",Marokkaans,330
Vrouw,"[30,40)",Marokkaans,Man,"[30,40)",Autochtoon,130
Vrouw,"[30,40)",Marokkaans,Man,"[30,40)",Marokkaans,5490
Vrouw,"[30,40)",Marokkaans,Man,"[30,40)",Overig,110
Vrouw,"[30,40)",Marokkaans,Man,"[30,40)",Surinaams,40
Vrouw,"[30,40)",Marokkaans,Man,"[30,40)",Turks,10
Vrouw,"[30,40)",Marokkaans,Man,"[40,50)",Autochtoon,40
Vrouw,"[30,40)",Marokkaans,Man,"[40,50)",Marokkaans,12020
Vrouw,"[30,40)",Marokkaans,Man,"[40,50)",Overig,30
Vrouw,"[30,40)",Marokkaans,Man,"[50,60)",Marokkaans,3160
Vrouw,"[30,40)",Marokkaans,Man,"[60,70)",Marokkaans,110
Vrouw,"[30,40)",Marokkaans,Man,"[70,80)",Marokkaans,100
Vrouw,"[30,40)",Marokkaans,Vrouw,"[0,20)",Autochtoon,950
Vrouw,"[30,40)",Marokkaans,Vrouw,"[0,20)",Marokkaans,4680
Vrouw,"[30,40)",Marokkaans,Vrouw,"[0,20)",Overig,70
Vrouw,"[30,40)",Marokkaans,Vrouw,"[20,30)",Marokkaans,340
Vrouw,"[30,40)",Marokkaans,Vrouw,"[30,40)",Marokkaans,130
Vrouw,"[30,40)",Marokkaans,Vrouw,"[50,60)",Marokkaans,230
Vrouw,"[30,40)",Marokkaans,Vrouw,"[60,70)",Marokkaans,130
Vrouw,"[30,40)",Overig,Man,"[0,20)",Autochtoon,1860
Vrouw,"[30,40)",Overig,Man,"[0,20)",Marokkaans,40
Vrouw,"[30,40)",Overig,Man,"[0,20)",Overig,9620
Vrouw,"[30,40)",Overig,Man,"[0,20)",Surinaams,60
Vrouw,"[30,40)",Overig,Man,"[0,20)",Turks,10
Vrouw,"[30,40)",Overig,Man,"[20,30)",Autochtoon,410
Vrouw,"[30,40)",Overig,Man,"[20,30)",Marokkaans,10
Vrouw,"[30,40)",Overig,Man,"[20,30)",Overig,4040
Vrouw,"[30,40)",Overig,Man,"[20,30)",Surinaams,40
Vrouw,"[30,40)",Overig,Man,"[30,40)",Autochtoon,11050
Vrouw,"[30,40)",Overig,Man,"[30,40)",Marokkaans,280
Vrouw,"[30,40)",Overig,Man,"[30,40)",Overig,449440
Vrouw,"[30,40)",Overig,Man,"[30,40)",Surinaams,310
Vrouw,"[30,40)",Overig,Man,"[30,40)",Turks,160
Vrouw,"[30,40)",Overig,Man,"[40,50)",Autochtoon,4410
Vrouw,"[30,40)",Overig,Man,"[40,50)",Marokkaans,120
Vrouw,"[30,40)",Overig,Man,"[40,50)",Overig,34070
Vrouw,"[30,40)",Overig,Man,"[40,50)",Surinaams,90
Vrouw,"[30,40)",Overig,Man,"[40,50)",Turks,1940
Vrouw,"[30,40)",Overig,Man,"[50,60)",Autochtoon,960
Vrouw,"[30,40)",Overig,Man,"[50,60)",Overig,2520
Vrouw,"[30,40)",Overig,Man,"[60,70)",Autochtoon,50
Vrouw,"[30,40)",Overig,Man,"[60,70)",Overig,240
Vrouw,"[30,40)",Overig,Man,"[70,80)",Overig,10
Vrouw,"[30,40)",Overig,Vrouw,"[0,20)",Autochtoon,1910
Vrouw,"[30,40)",Overig,Vrouw,"[0,20)",Marokkaans,50
Vrouw,"[30,40)",Overig,Vrouw,"[0,20)",Overig,8500
Vrouw,"[30,40)",Overig,Vrouw,"[0,20)",Surinaams,50
Vrouw,"[30,40)",Overig,Vrouw,"[20,30)",Autochtoon,140
Vrouw,"[30,40)",Overig,Vrouw,"[20,30)",Overig,340
Vrouw,"[30,40)",Overig,Vrouw,"[30,40)",Autochtoon,1200
Vrouw,"[30,40)",Overig,Vrouw,"[30,40)",Overig,243990
Vrouw,"[30,40)",Overig,Vrouw,"[40,50)",Autochtoon,130
Vrouw,"[30,40)",Overig,Vrouw,"[40,50)",Overig,40
Vrouw,"[30,40)",Overig,Vrouw,"[50,60)",Overig,560
Vrouw,"[30,40)",Overig,Vrouw,"[60,70)",Autochtoon,60
Vrouw,"[30,40)",Overig,Vrouw,"[60,70)",Overig,210
Vrouw,"[30,40)",Surinaams,Man,"[0,20)",Autochtoon,1490
Vrouw,"[30,40)",Surinaams,Man,"[0,20)",Overig,160
Vrouw,"[30,40)",Surinaams,Man,"[0,20)",Surinaams,1430
Vrouw,"[30,40)",Surinaams,Man,"[20,30)",Autochtoon,20
Vrouw,"[30,40)",Surinaams,Man,"[20,30)",Overig,10
Vrouw,"[30,40)",Surinaams,Man,"[20,30)",Surinaams,190
Vrouw,"[30,40)",Surinaams,Man,"[30,40)",Autochtoon,480
Vrouw,"[30,40)",Surinaams,Man,"[30,40)",Overig,280
Vrouw,"[30,40)",Surinaams,Man,"[30,40)",Surinaams,1000
Vrouw,"[30,40)",Surinaams,Man,"[40,50)",Autochtoon,120
Vrouw,"[30,40)",Surinaams,Man,"[40,50)",Overig,100
Vrouw,"[30,40)",Surinaams,Man,"[40,50)",Surinaams,700
Vrouw,"[30,40)",Surinaams,Man,"[50,60)",Surinaams,50
Vrouw,"[30,40)",Surinaams,Man,"[60,70)",Surinaams,60
Vrouw,"[30,40)",Surinaams,Vrouw,"[0,20)",Autochtoon,1310
Vrouw,"[30,40)",Surinaams,Vrouw,"[0,20)",Overig,150
Vrouw,"[30,40)",Surinaams,Vrouw,"[0,20)",Surinaams,1370
Vrouw,"[30,40)",Surinaams,Vrouw,"[20,30)",Surinaams,120
Vrouw,"[30,40)",Surinaams,Vrouw,"[30,40)",Surinaams,40
Vrouw,"[30,40)",Surinaams,Vrouw,"[50,60)",Surinaams,300
Vrouw,"[30,40)",Surinaams,Vrouw,"[60,70)",Surinaams,210
Vrouw,"[30,40)",Turks,Man,"[0,20)",Autochtoon,580
Vrouw,"[30,40)",Turks,Man,"[0,20)",Overig,50
Vrouw,"[30,40)",Turks,Man,"[0,20)",Turks,2640
Vrouw,"[30,40)",Turks,Man,"[20,30)",Turks,190
Vrouw,"[30,40)",Turks,Man,"[30,40)",Autochtoon,120
Vrouw,"[30,40)",Turks,Man,"[30,40)",Overig,140
Vrouw,"[30,40)",Turks,Man,"[30,40)",Turks,5770
Vrouw,"[30,40)",Turks,Man,"[40,50)",Autochtoon,30
Vrouw,"[30,40)",Turks,Man,"[40,50)",Turks,4500
Vrouw,"[30,40)",Turks,Man,"[50,60)",Turks,1160
Vrouw,"[30,40)",Turks,Man,"[60,70)",Turks,10
Vrouw,"[30,40)",Turks,Vrouw,"[0,20)",Autochtoon,550
Vrouw,"[30,40)",Turks,Vrouw,"[0,20)",Overig,30
Vrouw,"[30,40)",Turks,Vrouw,"[0,20)",Turks,2310
Vrouw,"[30,40)",Turks,Vrouw,"[20,30)",Turks,130
Vrouw,"[30,40)",Turks,Vrouw,"[30,40)",Turks,30
Vrouw,"[30,40)",Turks,Vrouw,"[50,60)",Turks,80
Vrouw,"[30,40)",Turks,Vrouw,"[60,70)",Turks,60
Vrouw,"[40,50)",Autochtoon,Man,"[0,20)",Autochtoon,10540
Vrouw,"[40,50)",Autochtoon,Man,"[0,20)",Marokkaans,90
Vrouw,"[40,50)",Autochtoon,Man,"[0,20)",Overig,1690
Vrouw,"[40,50)",Autochtoon,Man,"[0,20)",Surinaams,220
Vrouw,"[40,50)",Autochtoon,Man,"[0,20)",Turks,30
Vrouw,"[40,50)",Autochtoon,Man,"[20,30)",Autochtoon,470
Vrouw,"[40,50)",Autochtoon,Man,"[20,30)",Overig,80
Vrouw,"[40,50)",Autochtoon,Man,"[20,30)",Surinaams,40
Vrouw,"[40,50)",Autochtoon,Man,"[30,40)",Autochtoon,1370
Vrouw,"[40,50)",Autochtoon,Man,"[30,40)",Overig,620
Vrouw,"[40,50)",Autochtoon,Man,"[30,40)",Surinaams,10
Vrouw,"[40,50)",Autochtoon,Man,"[40,50)",Autochtoon,21370
Vrouw,"[40,50)",Autochtoon,Man,"[40,50)",Marokkaans,90
Vrouw,"[40,50)",Autochtoon,Man,"[40,50)",Overig,4650
Vrouw,"[40,50)",Autochtoon,Man,"[40,50)",Surinaams,610
Vrouw,"[40,50)",Autochtoon,Man,"[40,50)",Turks,40
Vrouw,"[40,50)",Autochtoon,Man,"[50,60)",Autochtoon,20320
Vrouw,"[40,50)",Autochtoon,Man,"[50,60)",Overig,2820
Vrouw,"[40,50)",Autochtoon,Man,"[50,60)",Surinaams,210
Vrouw,"[40,50)",Autochtoon,Man,"[60,70)",Autochtoon,390
Vrouw,"[40,50)",Autochtoon,Man,"[60,70)",Overig,160
Vrouw,"[40,50)",Autochtoon,Man,"[60,70)",Surinaams,40
Vrouw,"[40,50)",Autochtoon,Vrouw,"[0,20)",Autochtoon,9620
Vrouw,"[40,50)",Autochtoon,Vrouw,"[0,20)",Marokkaans,100
Vrouw,"[40,50)",Autochtoon,Vrouw,"[0,20)",Overig,1640
Vrouw,"[40,50)",Autochtoon,Vrouw,"[0,20)",Surinaams,170
Vrouw,"[40,50)",Autochtoon,Vrouw,"[0,20)",Turks,50
Vrouw,"[40,50)",Autochtoon,Vrouw,"[20,30)",Autochtoon,470
Vrouw,"[40,50)",Autochtoon,Vrouw,"[20,30)",Overig,80
Vrouw,"[40,50)",Autochtoon,Vrouw,"[20,30)",Surinaams,10
Vrouw,"[40,50)",Autochtoon,Vrouw,"[30,40)",Autochtoon,160
Vrouw,"[40,50)",Autochtoon,Vrouw,"[30,40)",Overig,130
Vrouw,"[40,50)",Autochtoon,Vrouw,"[40,50)",Autochtoon,1000
Vrouw,"[40,50)",Autochtoon,Vrouw,"[40,50)",Overig,80
Vrouw,"[40,50)",Autochtoon,Vrouw,"[50,60)",Autochtoon,160
Vrouw,"[40,50)",Autochtoon,Vrouw,"[50,60)",Overig,10
Vrouw,"[40,50)",Marokkaans,Man,"[0,20)",Autochtoon,100
Vrouw,"[40,50)",Marokkaans,Man,"[0,20)",Marokkaans,5600
Vrouw,"[40,50)",Marokkaans,Man,"[0,20)",Overig,50
Vrouw,"[40,50)",Marokkaans,Man,"[20,30)",Marokkaans,1380
Vrouw,"[40,50)",Marokkaans,Man,"[30,40)",Marokkaans,1360
Vrouw,"[40,50)",Marokkaans,Man,"[40,50)",Autochtoon,40
Vrouw,"[40,50)",Marokkaans,Man,"[40,50)",Marokkaans,9220
Vrouw,"[40,50)",Marokkaans,Man,"[40,50)",Overig,20
Vrouw,"[40,50)",Marokkaans,Man,"[50,60)",Marokkaans,13650
Vrouw,"[40,50)",Marokkaans,Man,"[50,60)",Overig,20
Vrouw,"[40,50)",Marokkaans,Man,"[60,70)",Marokkaans,2690
Vrouw,"[40,50)",Marokkaans,Man,"[70,80)",Marokkaans,20
Vrouw,"[40,50)",Marokkaans,Vrouw,"[0,20)",Autochtoon,110
Vrouw,"[40,50)",Marokkaans,Vrouw,"[0,20)",Marokkaans,4860
Vrouw,"[40,50)",Marokkaans,Vrouw,"[0,20)",Overig,40
Vrouw,"[40,50)",Marokkaans,Vrouw,"[20,30)",Marokkaans,1070
Vrouw,"[40,50)",Overig,Man,"[0,20)",Autochtoon,1810
Vrouw,"[40,50)",Overig,Man,"[0,20)",Overig,12740
Vrouw,"[40,50)",Overig,Man,"[0,20)",Surinaams,80
Vrouw,"[40,50)",Overig,Man,"[20,30)",Autochtoon,80
Vrouw,"[40,50)",Overig,Man,"[20,30)",Overig,1040
Vrouw,"[40,50)",Overig,Man,"[30,40)",Autochtoon,1840
Vrouw,"[40,50)",Overig,Man,"[30,40)",Overig,9560
Vrouw,"[40,50)",Overig,Man,"[30,40)",Surinaams,10
Vrouw,"[40,50)",Overig,Man,"[40,50)",Autochtoon,6460
Vrouw,"[40,50)",Overig,Man,"[40,50)",Overig,27120
Vrouw,"[40,50)",Overig,Man,"[40,50)",Surinaams,250
Vrouw,"[40,50)",Overig,Man,"[40,50)",Turks,1500
Vrouw,"[40,50)",Overig,Man,"[50,60)",Autochtoon,7990
Vrouw,"[40,50)",Overig,Man,"[50,60)",Marokkaans,10
Vrouw,"[40,50)",Overig,Man,"[50,60)",Overig,30650
Vrouw,"[40,50)",Overig,Man,"[50,60)",Surinaams,240
Vrouw,"[40,50)",Overig,Man,"[60,70)",Autochtoon,1120
Vrouw,"[40,50)",Overig,Man,"[60,70)",Overig,790
Vrouw,"[40,50)",Overig,Man,"[70,80)",Overig,10
Vrouw,"[40,50)",Overig,Vrouw,"[0,20)",Autochtoon,1560
Vrouw,"[40,50)",Overig,Vrouw,"[0,20)",Overig,17180
Vrouw,"[40,50)",Overig,Vrouw,"[0,20)",Surinaams,50
Vrouw,"[40,50)",Overig,Vrouw,"[20,30)",Autochtoon,80
Vrouw,"[40,50)",Overig,Vrouw,"[20,30)",Overig,7210
Vrouw,"[40,50)",Overig,Vrouw,"[30,40)",Autochtoon,40
Vrouw,"[40,50)",Overig,Vrouw,"[30,40)",Overig,40
Vrouw,"[40,50)",Overig,Vrouw,"[40,50)",Autochtoon,80
Vrouw,"[40,50)",Overig,Vrouw,"[40,50)",Overig,60
Vrouw,"[40,50)",Overig,Vrouw,"[50,60)",Autochtoon,10
Vrouw,"[40,50)",Overig,Vrouw,"[50,60)",Overig,20
Vrouw,"[40,50)",Overig,Vrouw,"[60,70)",Overig,70
Vrouw,"[40,50)",Surinaams,Man,"[0,20)",Autochtoon,570
Vrouw,"[40,50)",Surinaams,Man,"[0,20)",Overig,100
Vrouw,"[40,50)",Surinaams,Man,"[0,20)",Surinaams,2110
Vrouw,"[40,50)",Surinaams,Man,"[20,30)",Autochtoon,50
Vrouw,"[40,50)",Surinaams,Man,"[20,30)",Surinaams,590
Vrouw,"[40,50)",Surinaams,Man,"[30,40)",Autochtoon,20
Vrouw,"[40,50)",Surinaams,Man,"[30,40)",Overig,10
Vrouw,"[40,50)",Surinaams,Man,"[30,40)",Surinaams,100
Vrouw,"[40,50)",Surinaams,Man,"[40,50)",Autochtoon,550
Vrouw,"[40,50)",Surinaams,Man,"[40,50)",Overig,210
Vrouw,"[40,50)",Surinaams,Man,"[40,50)",Surinaams,1960
Vrouw,"[40,50)",Surinaams,Man,"[50,60)",Autochtoon,560
Vrouw,"[40,50)",Surinaams,Man,"[50,60)",Overig,570
Vrouw,"[40,50)",Surinaams,Man,"[50,60)",Surinaams,570
Vrouw,"[40,50)",Surinaams,Man,"[60,70)",Surinaams,50
Vrouw,"[40,50)",Surinaams,Vrouw,"[0,20)",Autochtoon,590
Vrouw,"[40,50)",Surinaams,Vrouw,"[0,20)",Overig,110
Vrouw,"[40,50)",Surinaams,Vrouw,"[0,20)",Surinaams,1790
Vrouw,"[40,50)",Surinaams,Vrouw,"[20,30)",Autochtoon,70
Vrouw,"[40,50)",Surinaams,Vrouw,"[20,30)",Surinaams,540
Vrouw,"[40,50)",Turks,Man,"[0,20)",Autochtoon,80
Vrouw,"[40,50)",Turks,Man,"[0,20)",Overig,10
Vrouw,"[40,50)",Turks,Man,"[0,20)",Turks,2050
Vrouw,"[40,50)",Turks,Man,"[20,30)",Turks,920
Vrouw,"[40,50)",Turks,Man,"[30,40)",Turks,380
Vrouw,"[40,50)",Turks,Man,"[40,50)",Autochtoon,80
Vrouw,"[40,50)",Turks,Man,"[40,50)",Overig,10
Vrouw,"[40,50)",Turks,Man,"[40,50)",Turks,6000
Vrouw,"[40,50)",Turks,Man,"[50,60)",Autochtoon,10
Vrouw,"[40,50)",Turks,Man,"[50,60)",Turks,2250
Vrouw,"[40,50)",Turks,Man,"[60,70)",Turks,90
Vrouw,"[40,50)",Turks,Vrouw,"[0,20)",Autochtoon,50
Vrouw,"[40,50)",Turks,Vrouw,"[0,20)",Turks,1800
Vrouw,"[40,50)",Turks,Vrouw,"[20,30)",Turks,700
Vrouw,"[50,60)",Autochtoon,Man,"[0,20)",Autochtoon,4140
Vrouw,"[50,60)",Autochtoon,Man,"[0,20)",Marokkaans,10
Vrouw,"[50,60)",Autochtoon,Man,"[0,20)",Overig,15690
Vrouw,"[50,60)",Autochtoon,Man,"[0,20)",Surinaams,80
Vrouw,"[50,60)",Autochtoon,Man,"[20,30)",Autochtoon,2970
Vrouw,"[50,60)",Autochtoon,Man,"[20,30)",Overig,420
Vrouw,"[50,60)",Autochtoon,Man,"[20,30)",Surinaams,50
Vrouw,"[50,60)",Autochtoon,Man,"[30,40)",Autochtoon,380
Vrouw,"[50,60)",Autochtoon,Man,"[40,50)",Autochtoon,4020
Vrouw,"[50,60)",Autochtoon,Man,"[40,50)",Overig,1550
Vrouw,"[50,60)",Autochtoon,Man,"[40,50)",Surinaams,60
Vrouw,"[50,60)",Autochtoon,Man,"[50,60)",Autochtoon,49550
Vrouw,"[50,60)",Autochtoon,Man,"[50,60)",Marokkaans,20
Vrouw,"[50,60)",Autochtoon,Man,"[50,60)",Overig,8030
Vrouw,"[50,60)",Autochtoon,Man,"[50,60)",Surinaams,1250
Vrouw,"[50,60)",Autochtoon,Man,"[50,60)",Turks,10
Vrouw,"[50,60)",Autochtoon,Man,"[60,70)",Autochtoon,19680
Vrouw,"[50,60)",Autochtoon,Man,"[60,70)",Overig,2100
Vrouw,"[50,60)",Autochtoon,Man,"[70,80)",Autochtoon,2760
Vrouw,"[50,60)",Autochtoon,Man,"[70,80)",Overig,70
Vrouw,"[50,60)",Autochtoon,Vrouw,"[0,20)",Autochtoon,3860
Vrouw,"[50,60)",Autochtoon,Vrouw,"[0,20)",Marokkaans,20
Vrouw,"[50,60)",Autochtoon,Vrouw,"[0,20)",Overig,660
Vrouw,"[50,60)",Autochtoon,Vrouw,"[0,20)",Surinaams,90
Vrouw,"[50,60)",Autochtoon,Vrouw,"[20,30)",Autochtoon,2460
Vrouw,"[50,60)",Autochtoon,Vrouw,"[20,30)",Overig,420
Vrouw,"[50,60)",Autochtoon,Vrouw,"[20,30)",Surinaams,70
Vrouw,"[50,60)",Autochtoon,Vrouw,"[30,40)",Autochtoon,150
Vrouw,"[50,60)",Autochtoon,Vrouw,"[40,50)",Autochtoon,160
Vrouw,"[50,60)",Autochtoon,Vrouw,"[40,50)",Overig,10
Vrouw,"[50,60)",Autochtoon,Vrouw,"[50,60)",Autochtoon,540
Vrouw,"[50,60)",Autochtoon,Vrouw,"[50,60)",Overig,330
Vrouw,"[50,60)",Autochtoon,Vrouw,"[60,70)",Autochtoon,80
Vrouw,"[50,60)",Marokkaans,Man,"[0,20)",Autochtoon,10
Vrouw,"[50,60)",Marokkaans,Man,"[0,20)",Marokkaans,1170
Vrouw,"[50,60)",Marokkaans,Man,"[20,30)",Marokkaans,1250
Vrouw,"[50,60)",Marokkaans,Man,"[30,40)",Marokkaans,280
Vrouw,"[50,60)",Marokkaans,Man,"[40,50)",Marokkaans,730
Vrouw,"[50,60)",Marokkaans,Man,"[50,60)",Marokkaans,4090
Vrouw,"[50,60)",Marokkaans,Man,"[50,60)",Overig,930
Vrouw,"[50,60)",Marokkaans,Man,"[60,70)",Marokkaans,15730
Vrouw,"[50,60)",Marokkaans,Man,"[60,70)",Overig,10
Vrouw,"[50,60)",Marokkaans,Man,"[70,80)",Marokkaans,4520
Vrouw,"[50,60)",Marokkaans,Vrouw,"[0,20)",Autochtoon,10
Vrouw,"[50,60)",Marokkaans,Vrouw,"[0,20)",Marokkaans,1230
Vrouw,"[50,60)",Marokkaans,Vrouw,"[20,30)",Marokkaans,1040
Vrouw,"[50,60)",Marokkaans,Vrouw,"[30,40)",Marokkaans,230
Vrouw,"[50,60)",Overig,Man,"[0,20)",Autochtoon,840
Vrouw,"[50,60)",Overig,Man,"[0,20)",Overig,53040
Vrouw,"[50,60)",Overig,Man,"[20,30)",Autochtoon,340
Vrouw,"[50,60)",Overig,Man,"[20,30)",Overig,1950
Vrouw,"[50,60)",Overig,Man,"[30,40)",Autochtoon,40
Vrouw,"[50,60)",Overig,Man,"[30,40)",Overig,540
Vrouw,"[50,60)",Overig,Man,"[40,50)",Autochtoon,670
Vrouw,"[50,60)",Overig,Man,"[40,50)",Overig,420
Vrouw,"[50,60)",Overig,Man,"[50,60)",Autochtoon,9720
Vrouw,"[50,60)",Overig,Man,"[50,60)",Marokkaans,510
Vrouw,"[50,60)",Overig,Man,"[50,60)",Overig,46650
Vrouw,"[50,60)",Overig,Man,"[50,60)",Surinaams,110
Vrouw,"[50,60)",Overig,Man,"[60,70)",Autochtoon,9990
Vrouw,"[50,60)",Overig,Man,"[60,70)",Marokkaans,10
Vrouw,"[50,60)",Overig,Man,"[60,70)",Overig,7460
Vrouw,"[50,60)",Overig,Man,"[60,70)",Surinaams,10
Vrouw,"[50,60)",Overig,Man,"[70,80)",Autochtoon,1340
Vrouw,"[50,60)",Overig,Man,"[70,80)",Overig,20
Vrouw,"[50,60)",Overig,Vrouw,"[0,20)",Autochtoon,700
Vrouw,"[50,60)",Overig,Vrouw,"[0,20)",Overig,2050
Vrouw,"[50,60)",Overig,Vrouw,"[20,30)",Autochtoon,330
Vrouw,"[50,60)",Overig,Vrouw,"[20,30)",Overig,1600
Vrouw,"[50,60)",Overig,Vrouw,"[30,40)",Autochtoon,10
Vrouw,"[50,60)",Overig,Vrouw,"[30,40)",Overig,560
Vrouw,"[50,60)",Overig,Vrouw,"[40,50)",Autochtoon,10
Vrouw,"[50,60)",Overig,Vrouw,"[40,50)",Overig,20
Vrouw,"[50,60)",Overig,Vrouw,"[50,60)",Autochtoon,330
Vrouw,"[50,60)",Overig,Vrouw,"[60,70)",Autochtoon,40
Vrouw,"[50,60)",Surinaams,Man,"[0,20)",Autochtoon,250
Vrouw,"[50,60)",Surinaams,Man,"[0,20)",Overig,40
Vrouw,"[50,60)",Surinaams,Man,"[0,20)",Surinaams,890
Vrouw,"[50,60)",Surinaams,Man,"[20,30)",Autochtoon,10
Vrouw,"[50,60)",Surinaams,Man,"[20,30)",Surinaams,1360
Vrouw,"[50,60)",Surinaams,Man,"[30,40)",Surinaams,550
Vrouw,"[50,60)",Surinaams,Man,"[40,50)",Autochtoon,20
Vrouw,"[50,60)",Surinaams,Man,"[40,50)",Overig,10
Vrouw,"[50,60)",Surinaams,Man,"[40,50)",Surinaams,720
Vrouw,"[50,60)",Surinaams,Man,"[50,60)",Autochtoon,2500
Vrouw,"[50,60)",Surinaams,Man,"[50,60)",Overig,80
Vrouw,"[50,60)",Surinaams,Man,"[50,60)",Surinaams,3250
Vrouw,"[50,60)",Surinaams,Man,"[60,70)",Autochtoon,150
Vrouw,"[50,60)",Surinaams,Man,"[60,70)",Overig,10
Vrouw,"[50,60)",Surinaams,Man,"[60,70)",Surinaams,1780
Vrouw,"[50,60)",Surinaams,Vrouw,"[0,20)",Autochtoon,220
Vrouw,"[50,60)",Surinaams,Vrouw,"[0,20)",Overig,20
Vrouw,"[50,60)",Surinaams,Vrouw,"[0,20)",Surinaams,950
Vrouw,"[50,60)",Surinaams,Vrouw,"[20,30)",Surinaams,1290
Vrouw,"[50,60)",Surinaams,Vrouw,"[30,40)",Surinaams,300
Vrouw,"[50,60)",Turks,Man,"[0,20)",Autochtoon,10
Vrouw,"[50,60)",Turks,Man,"[0,20)",Turks,560
Vrouw,"[50,60)",Turks,Man,"[20,30)",Turks,790
Vrouw,"[50,60)",Turks,Man,"[30,40)",Turks,170
Vrouw,"[50,60)",Turks,Man,"[40,50)",Turks,830
Vrouw,"[50,60)",Turks,Man,"[50,60)",Turks,10200
Vrouw,"[50,60)",Turks,Man,"[60,70)",Turks,400
Vrouw,"[50,60)",Turks,Vrouw,"[0,20)",Autochtoon,10
Vrouw,"[50,60)",Turks,Vrouw,"[0,20)",Turks,440
Vrouw,"[50,60)",Turks,Vrouw,"[20,30)",Turks,600
Vrouw,"[50,60)",Turks,Vrouw,"[30,40)",Turks,80
Vrouw,"[60,70)",Autochtoon,Man,"[0,20)",Autochtoon,230
Vrouw,"[60,70)",Autochtoon,Man,"[0,20)",Overig,20
Vrouw,"[60,70)",Autochtoon,Man,"[20,30)",Autochtoon,830
Vrouw,"[60,70)",Autochtoon,Man,"[20,30)",Overig,160
Vrouw,"[60,70)",Autochtoon,Man,"[30,40)",Autochtoon,890
Vrouw,"[60,70)",Autochtoon,Man,"[30,40)",Overig,80
Vrouw,"[60,70)",Autochtoon,Man,"[40,50)",Autochtoon,150
Vrouw,"[60,70)",Autochtoon,Man,"[50,60)",Autochtoon,3450
Vrouw,"[60,70)",Autochtoon,Man,"[50,60)",Overig,1130
Vrouw,"[60,70)",Autochtoon,Man,"[60,70)",Autochtoon,62790
Vrouw,"[60,70)",Autochtoon,Man,"[60,70)",Overig,11300
Vrouw,"[60,70)",Autochtoon,Man,"[60,70)",Surinaams,100
Vrouw,"[60,70)",Autochtoon,Man,"[70,80)",Autochtoon,41100
Vrouw,"[60,70)",Autochtoon,Man,"[70,80)",Overig,1770
Vrouw,"[60,70)",Autochtoon,Vrouw,"[0,20)",Autochtoon,160
Vrouw,"[60,70)",Autochtoon,Vrouw,"[0,20)",Overig,30
Vrouw,"[60,70)",Autochtoon,Vrouw,"[20,30)",Autochtoon,600
Vrouw,"[60,70)",Autochtoon,Vrouw,"[20,30)",Overig,160
Vrouw,"[60,70)",Autochtoon,Vrouw,"[30,40)",Autochtoon,320
Vrouw,"[60,70)",Autochtoon,Vrouw,"[30,40)",Overig,60
Vrouw,"[60,70)",Autochtoon,Vrouw,"[50,60)",Autochtoon,80
Vrouw,"[60,70)",Autochtoon,Vrouw,"[50,60)",Overig,40
Vrouw,"[60,70)",Autochtoon,Vrouw,"[60,70)",Autochtoon,380
Vrouw,"[60,70)",Autochtoon,Vrouw,"[60,70)",Overig,460
Vrouw,"[60,70)",Marokkaans,Man,"[0,20)",Marokkaans,150
Vrouw,"[60,70)",Marokkaans,Man,"[20,30)",Marokkaans,480
Vrouw,"[60,70)",Marokkaans,Man,"[30,40)",Marokkaans,310
Vrouw,"[60,70)",Marokkaans,Man,"[50,60)",Marokkaans,20
Vrouw,"[60,70)",Marokkaans,Man,"[60,70)",Marokkaans,19110
Vrouw,"[60,70)",Marokkaans,Man,"[60,70)",Overig,400
Vrouw,"[60,70)",Marokkaans,Man,"[70,80)",Marokkaans,18690
Vrouw,"[60,70)",Marokkaans,Man,"[80,120]",Marokkaans,20
Vrouw,"[60,70)",Marokkaans,Vrouw,"[0,20)",Marokkaans,100
Vrouw,"[60,70)",Marokkaans,Vrouw,"[20,30)",Marokkaans,500
Vrouw,"[60,70)",Marokkaans,Vrouw,"[30,40)",Marokkaans,130
Vrouw,"[60,70)",Overig,Man,"[0,20)",Autochtoon,80
Vrouw,"[60,70)",Overig,Man,"[0,20)",Overig,130
Vrouw,"[60,70)",Overig,Man,"[20,30)",Autochtoon,70
Vrouw,"[60,70)",Overig,Man,"[20,30)",Overig,990
Vrouw,"[60,70)",Overig,Man,"[30,40)",Autochtoon,40
Vrouw,"[60,70)",Overig,Man,"[30,40)",Overig,1010
Vrouw,"[60,70)",Overig,Man,"[40,50)",Autochtoon,50
Vrouw,"[60,70)",Overig,Man,"[40,50)",Overig,60
Vrouw,"[60,70)",Overig,Man,"[50,60)",Autochtoon,1270
Vrouw,"[60,70)",Overig,Man,"[50,60)",Overig,840
Vrouw,"[60,70)",Overig,Man,"[60,70)",Autochtoon,15450
Vrouw,"[60,70)",Overig,Man,"[60,70)",Overig,10540
Vrouw,"[60,70)",Overig,Man,"[60,70)",Surinaams,10
Vrouw,"[60,70)",Overig,Man,"[70,80)",Autochtoon,10210
Vrouw,"[60,70)",Overig,Man,"[70,80)",Overig,9460
Vrouw,"[60,70)",Overig,Vrouw,"[0,20)",Autochtoon,100
Vrouw,"[60,70)",Overig,Vrouw,"[0,20)",Overig,140
Vrouw,"[60,70)",Overig,Vrouw,"[20,30)",Autochtoon,110
Vrouw,"[60,70)",Overig,Vrouw,"[20,30)",Overig,450
Vrouw,"[60,70)",Overig,Vrouw,"[30,40)",Overig,210
Vrouw,"[60,70)",Overig,Vrouw,"[40,50)",Overig,70
Vrouw,"[60,70)",Overig,Vrouw,"[60,70)",Autochtoon,460
Vrouw,"[60,70)",Surinaams,Man,"[0,20)",Autochtoon,60
Vrouw,"[60,70)",Surinaams,Man,"[0,20)",Surinaams,100
Vrouw,"[60,70)",Surinaams,Man,"[20,30)",Surinaams,240
Vrouw,"[60,70)",Surinaams,Man,"[30,40)",Surinaams,500
Vrouw,"[60,70)",Surinaams,Man,"[40,50)",Surinaams,640
Vrouw,"[60,70)",Surinaams,Man,"[50,60)",Surinaams,60
Vrouw,"[60,70)",Surinaams,Man,"[60,70)",Autochtoon,310
Vrouw,"[60,70)",Surinaams,Man,"[60,70)",Overig,10
Vrouw,"[60,70)",Surinaams,Man,"[60,70)",Surinaams,4940
Vrouw,"[60,70)",Surinaams,Man,"[70,80)",Surinaams,1670
Vrouw,"[60,70)",Surinaams,Vrouw,"[0,20)",Autochtoon,90
Vrouw,"[60,70)",Surinaams,Vrouw,"[0,20)",Surinaams,150
Vrouw,"[60,70)",Surinaams,Vrouw,"[20,30)",Surinaams,330
Vrouw,"[60,70)",Surinaams,Vrouw,"[30,40)",Surinaams,210
Vrouw,"[60,70)",Turks,Man,"[0,20)",Turks,70
Vrouw,"[60,70)",Turks,Man,"[20,30)",Turks,40
Vrouw,"[60,70)",Turks,Man,"[30,40)",Turks,900
Vrouw,"[60,70)",Turks,Man,"[50,60)",Turks,40
Vrouw,"[60,70)",Turks,Man,"[60,70)",Turks,1270
Vrouw,"[60,70)",Turks,Man,"[70,80)",Turks,7120
Vrouw,"[60,70)",Turks,Vrouw,"[0,20)",Turks,30
Vrouw,"[60,70)",Turks,Vrouw,"[20,30)",Turks,50
Vrouw,"[60,70)",Turks,Vrouw,"[30,40)",Turks,60
Vrouw,"[70,80)",Autochtoon,Man,"[50,60)",Autochtoon,90
Vrouw,"[70,80)",Autochtoon,Man,"[60,70)",Autochtoon,13370
Vrouw,"[70,80)",Autochtoon,Man,"[60,70)",Overig,420
Vrouw,"[70,80)",Autochtoon,Man,"[70,80)",Autochtoon,150450
Vrouw,"[70,80)",Autochtoon,Man,"[70,80)",Overig,38750
Vrouw,"[70,80)",Autochtoon,Man,"[80,120]",Autochtoon,80250
Vrouw,"[70,80)",Autochtoon,Vrouw,"[70,80)",Autochtoon,10770
Vrouw,"[70,80)",Marokkaans,Man,"[0,20)",Marokkaans,10
Vrouw,"[70,80)",Marokkaans,Man,"[30,40)",Marokkaans,140
Vrouw,"[70,80)",Marokkaans,Man,"[70,80)",Marokkaans,7390
Vrouw,"[70,80)",Marokkaans,Man,"[80,120]",Marokkaans,13090
Vrouw,"[70,80)",Overig,Man,"[0,20)",Overig,10
Vrouw,"[70,80)",Overig,Man,"[30,40)",Overig,10
Vrouw,"[70,80)",Overig,Man,"[60,70)",Autochtoon,7250
Vrouw,"[70,80)",Overig,Man,"[60,70)",Overig,3120
Vrouw,"[70,80)",Overig,Man,"[70,80)",Autochtoon,49920
Vrouw,"[70,80)",Overig,Man,"[70,80)",Overig,10140
Vrouw,"[70,80)",Surinaams,Man,"[70,80)",Surinaams,350
Vrouw,"[70,80)",Turks,Man,"[60,70)",Turks,20
Vrouw,"[70,80)",Turks,Man,"[70,80)",Turks,22850
Vrouw,"[80,120]",Autochtoon,Man,"[80,120]",Autochtoon,120700
